name,dayOfWeek,opens_time,closes_time
市府海鮮麵疙瘩,Monday,10:30,20:00
市府海鮮麵疙瘩,Tuesday,10:30,20:00
市府海鮮麵疙瘩,Wednesday,10:30,20:00
市府海鮮麵疙瘩,Thursday,10:30,20:00
市府海鮮麵疙瘩,Friday,10:30,20:00
市府海鮮麵疙瘩,Saturday,10:30,18:00
市府海鮮麵疙瘩,Sunday,10:30,18:00
艋舺雞排 (台北饒河店),Monday,14:00,23:59
艋舺雞排 (台北饒河店),Tuesday,14:00,23:59
艋舺雞排 (台北饒河店),Wednesday,14:00,23:59
艋舺雞排 (台北饒河店),Thursday,14:00,23:59
艋舺雞排 (台北饒河店),Friday,14:00,23:59
艋舺雞排 (台北饒河店),Saturday,14:00,23:59
艋舺雞排 (台北饒河店),Sunday,14:00,23:59
艋舺雞排 (台北饒河店),Monday,00:00,02:00
艋舺雞排 (台北饒河店),Tuesday,00:00,02:00
艋舺雞排 (台北饒河店),Wednesday,00:00,02:00
艋舺雞排 (台北饒河店),Thursday,00:00,02:00
艋舺雞排 (台北饒河店),Friday,00:00,02:00
艋舺雞排 (台北饒河店),Saturday,00:00,02:00
艋舺雞排 (台北饒河店),Sunday,00:00,02:00
焗烤薯薯,Monday,00:00,02:00
焗烤薯薯,Wednesday,00:00,02:00
焗烤薯薯,Thursday,00:00,02:00
焗烤薯薯,Friday,00:00,02:00
焗烤薯薯,Saturday,00:00,02:00
焗烤薯薯,Sunday,00:00,02:00
焗烤薯薯,Tuesday,17:00,23:59
焗烤薯薯,Wednesday,17:00,23:59
焗烤薯薯,Thursday,17:00,23:59
焗烤薯薯,Friday,17:00,23:59
焗烤薯薯,Saturday,17:00,23:59
焗烤薯薯,Sunday,17:00,23:59
職人丼深夜食堂,Monday,11:00,23:59
職人丼深夜食堂,Tuesday,11:00,23:59
職人丼深夜食堂,Wednesday,11:00,23:59
職人丼深夜食堂,Thursday,11:00,23:59
職人丼深夜食堂,Friday,11:00,23:59
職人丼深夜食堂,Saturday,11:00,23:59
職人丼深夜食堂,Sunday,11:00,23:59
老王炸烤 (台北南京店),Monday,00:00,01:00
老王炸烤 (台北南京店),Tuesday,00:00,01:00
老王炸烤 (台北南京店),Wednesday,00:00,01:00
老王炸烤 (台北南京店),Thursday,00:00,01:00
老王炸烤 (台北南京店),Friday,00:00,01:00
老王炸烤 (台北南京店),Saturday,00:00,01:00
老王炸烤 (台北南京店),Sunday,00:00,01:00
老王炸烤 (台北南京店),Monday,17:30,23:59
老王炸烤 (台北南京店),Tuesday,17:30,23:59
老王炸烤 (台北南京店),Wednesday,17:30,23:59
老王炸烤 (台北南京店),Thursday,17:30,23:59
老王炸烤 (台北南京店),Friday,17:30,23:59
老王炸烤 (台北南京店),Saturday,17:30,23:59
老王炸烤 (台北南京店),Sunday,17:30,23:59
紅火食代 串燒專門店 (台北安居店),Monday,00:00,01:00
紅火食代 串燒專門店 (台北安居店),Tuesday,00:00,01:00
紅火食代 串燒專門店 (台北安居店),Wednesday,00:00,01:00
紅火食代 串燒專門店 (台北安居店),Thursday,00:00,01:00
紅火食代 串燒專門店 (台北安居店),Friday,00:00,01:00
紅火食代 串燒專門店 (台北安居店),Saturday,00:00,01:00
紅火食代 串燒專門店 (台北安居店),Sunday,00:00,01:00
紅火食代 串燒專門店 (台北安居店),Monday,18:00,23:59
紅火食代 串燒專門店 (台北安居店),Tuesday,18:00,23:59
紅火食代 串燒專門店 (台北安居店),Wednesday,18:00,23:59
紅火食代 串燒專門店 (台北安居店),Thursday,18:00,23:59
紅火食代 串燒專門店 (台北安居店),Friday,18:00,23:59
紅火食代 串燒專門店 (台北安居店),Saturday,18:00,23:59
紅火食代 串燒專門店 (台北安居店),Sunday,18:00,23:59
口吅品麻辣臭豆腐 (台北通化店),Monday,00:00,00:45
口吅品麻辣臭豆腐 (台北通化店),Tuesday,00:00,00:45
口吅品麻辣臭豆腐 (台北通化店),Wednesday,00:00,00:45
口吅品麻辣臭豆腐 (台北通化店),Thursday,00:00,00:45
口吅品麻辣臭豆腐 (台北通化店),Friday,00:00,00:45
口吅品麻辣臭豆腐 (台北通化店),Saturday,00:00,00:45
口吅品麻辣臭豆腐 (台北通化店),Sunday,00:00,00:45
口吅品麻辣臭豆腐 (台北通化店),Monday,16:45,23:59
口吅品麻辣臭豆腐 (台北通化店),Tuesday,16:45,23:59
口吅品麻辣臭豆腐 (台北通化店),Wednesday,16:45,23:59
口吅品麻辣臭豆腐 (台北通化店),Thursday,16:45,23:59
口吅品麻辣臭豆腐 (台北通化店),Friday,16:45,23:59
口吅品麻辣臭豆腐 (台北通化店),Saturday,16:45,23:59
口吅品麻辣臭豆腐 (台北通化店),Sunday,16:45,23:59
芝香雞肉飯,Monday,00:00,05:30
芝香雞肉飯,Tuesday,00:00,05:30
芝香雞肉飯,Wednesday,00:00,05:30
芝香雞肉飯,Thursday,00:00,05:30
芝香雞肉飯,Friday,00:00,05:30
芝香雞肉飯,Saturday,00:00,05:30
芝香雞肉飯,Sunday,00:00,05:30
芝香雞肉飯,Monday,10:30,23:59
芝香雞肉飯,Tuesday,10:30,23:59
芝香雞肉飯,Wednesday,10:30,23:59
芝香雞肉飯,Thursday,10:30,23:59
芝香雞肉飯,Friday,10:30,23:59
芝香雞肉飯,Saturday,10:30,23:59
芝香雞肉飯,Sunday,10:30,23:59
Yong Bo Yong Bo ( Tai Bei Sin Yi Branch ),Monday,11:00,23:59
Yong Bo Yong Bo ( Tai Bei Sin Yi Branch ),Tuesday,11:00,23:59
Yong Bo Yong Bo ( Tai Bei Sin Yi Branch ),Wednesday,11:00,23:59
Yong Bo Yong Bo ( Tai Bei Sin Yi Branch ),Thursday,11:00,23:59
Yong Bo Yong Bo ( Tai Bei Sin Yi Branch ),Friday,11:00,23:59
Yong Bo Yong Bo ( Tai Bei Sin Yi Branch ),Saturday,00:00,01:00
Yong Bo Yong Bo ( Tai Bei Sin Yi Branch ),Sunday,00:00,01:00
Yong Bo Yong Bo ( Tai Bei Sin Yi Branch ),Saturday,11:30,23:59
Yong Bo Yong Bo ( Tai Bei Sin Yi Branch ),Sunday,12:00,23:59
COMEBUY (台北市府店),Monday,10:30,23:45
COMEBUY (台北市府店),Monday,00:00,04:00
COMEBUY (台北市府店),Wednesday,00:00,04:00
COMEBUY (台北市府店),Thursday,00:00,04:00
COMEBUY (台北市府店),Friday,00:00,04:00
COMEBUY (台北市府店),Saturday,00:00,04:00
COMEBUY (台北市府店),Sunday,00:00,04:00
COMEBUY (台北市府店),Tuesday,10:30,23:59
COMEBUY (台北市府店),Wednesday,10:30,23:59
COMEBUY (台北市府店),Thursday,10:30,23:59
COMEBUY (台北市府店),Friday,10:30,23:59
COMEBUY (台北市府店),Saturday,10:30,23:59
COMEBUY (台北市府店),Sunday,10:30,23:59
焦糖楓串燒漢方無烟撒粉 (台北永吉店),Monday,16:30,23:59
焦糖楓串燒漢方無烟撒粉 (台北永吉店),Tuesday,16:30,23:59
焦糖楓串燒漢方無烟撒粉 (台北永吉店),Wednesday,16:30,23:59
焦糖楓串燒漢方無烟撒粉 (台北永吉店),Thursday,16:30,23:59
焦糖楓串燒漢方無烟撒粉 (台北永吉店),Monday,00:00,01:00
焦糖楓串燒漢方無烟撒粉 (台北永吉店),Tuesday,00:00,01:00
焦糖楓串燒漢方無烟撒粉 (台北永吉店),Wednesday,00:00,01:00
焦糖楓串燒漢方無烟撒粉 (台北永吉店),Thursday,00:00,01:00
焦糖楓串燒漢方無烟撒粉 (台北永吉店),Friday,00:00,01:00
焦糖楓串燒漢方無烟撒粉 (台北永吉店),Saturday,00:00,01:00
焦糖楓串燒漢方無烟撒粉 (台北永吉店),Sunday,00:00,01:00
焦糖楓串燒漢方無烟撒粉 (台北永吉店),Friday,15:30,23:59
焦糖楓串燒漢方無烟撒粉 (台北永吉店),Saturday,15:30,23:59
焦糖楓串燒漢方無烟撒粉 (台北永吉店),Sunday,15:30,23:59
Popcorn Chicken King (Taipei Tonghua Store),Monday,10:30,23:59
Popcorn Chicken King (Taipei Tonghua Store),Tuesday,10:30,23:59
Popcorn Chicken King (Taipei Tonghua Store),Wednesday,10:30,23:59
Popcorn Chicken King (Taipei Tonghua Store),Thursday,10:30,23:59
Popcorn Chicken King (Taipei Tonghua Store),Friday,10:30,23:59
Popcorn Chicken King (Taipei Tonghua Store),Saturday,10:30,23:59
Popcorn Chicken King (Taipei Tonghua Store),Sunday,10:30,23:59
Popcorn Chicken King (Taipei Tonghua Store),Monday,00:00,04:00
Popcorn Chicken King (Taipei Tonghua Store),Tuesday,00:00,04:00
Popcorn Chicken King (Taipei Tonghua Store),Wednesday,00:00,04:00
Popcorn Chicken King (Taipei Tonghua Store),Thursday,00:00,04:00
Popcorn Chicken King (Taipei Tonghua Store),Friday,00:00,04:00
Popcorn Chicken King (Taipei Tonghua Store),Saturday,00:00,04:00
Popcorn Chicken King (Taipei Tonghua Store),Sunday,00:00,04:00
十全藥膳排骨 (大安通化店),Monday,11:00,23:59
十全藥膳排骨 (大安通化店),Tuesday,11:00,23:59
十全藥膳排骨 (大安通化店),Wednesday,11:00,23:59
十全藥膳排骨 (大安通化店),Thursday,11:00,23:59
十全藥膳排骨 (大安通化店),Friday,11:00,23:59
十全藥膳排骨 (大安通化店),Saturday,11:00,23:59
十全藥膳排骨 (大安通化店),Sunday,11:00,23:59
十全藥膳排骨 (大安通化店),Monday,00:00,03:30
十全藥膳排骨 (大安通化店),Tuesday,00:00,03:30
十全藥膳排骨 (大安通化店),Wednesday,00:00,03:30
十全藥膳排骨 (大安通化店),Thursday,00:00,03:30
十全藥膳排骨 (大安通化店),Friday,00:00,03:30
十全藥膳排骨 (大安通化店),Saturday,00:00,03:30
十全藥膳排骨 (大安通化店),Sunday,00:00,03:30
百家班 (台北基隆路店),Monday,17:00,23:59
百家班 (台北基隆路店),Tuesday,17:00,23:59
百家班 (台北基隆路店),Wednesday,17:00,23:59
百家班 (台北基隆路店),Thursday,17:00,23:59
百家班 (台北基隆路店),Friday,17:00,23:59
百家班 (台北基隆路店),Saturday,17:00,23:59
百家班 (台北基隆路店),Sunday,17:00,23:59
百家班 (台北基隆路店),Monday,00:00,01:00
百家班 (台北基隆路店),Tuesday,00:00,01:00
百家班 (台北基隆路店),Wednesday,00:00,01:00
百家班 (台北基隆路店),Thursday,00:00,01:00
百家班 (台北基隆路店),Friday,00:00,01:00
百家班 (台北基隆路店),Saturday,00:00,01:00
百家班 (台北基隆路店),Sunday,00:00,01:00
紅花麻辣鹹水雞,Monday,16:00,23:59
紅花麻辣鹹水雞,Tuesday,16:00,23:59
紅花麻辣鹹水雞,Wednesday,16:00,23:59
紅花麻辣鹹水雞,Thursday,16:00,23:59
紅花麻辣鹹水雞,Friday,16:00,23:59
紅花麻辣鹹水雞,Saturday,16:00,23:59
紅花麻辣鹹水雞,Sunday,16:00,23:59
常旺海鮮熱炒,Monday,17:00,23:59
常旺海鮮熱炒,Tuesday,17:00,23:59
常旺海鮮熱炒,Wednesday,17:00,23:59
常旺海鮮熱炒,Thursday,17:00,23:59
常旺海鮮熱炒,Friday,17:00,23:59
常旺海鮮熱炒,Saturday,17:00,23:59
常旺海鮮熱炒,Sunday,17:00,23:59
常旺海鮮熱炒,Monday,00:00,02:00
常旺海鮮熱炒,Tuesday,00:00,02:00
常旺海鮮熱炒,Wednesday,00:00,02:00
常旺海鮮熱炒,Thursday,00:00,02:00
常旺海鮮熱炒,Friday,00:00,02:00
常旺海鮮熱炒,Saturday,00:00,02:00
常旺海鮮熱炒,Sunday,00:00,02:00
滿哥甜品坊,Monday,14:00,23:59
滿哥甜品坊,Tuesday,14:00,23:59
滿哥甜品坊,Wednesday,14:00,23:59
滿哥甜品坊,Thursday,14:00,23:59
滿哥甜品坊,Friday,14:00,23:59
滿哥甜品坊,Saturday,14:00,23:59
滿哥甜品坊,Sunday,14:00,23:59
興安四海豆漿 (台北店),Monday,19:00,23:59
興安四海豆漿 (台北店),Tuesday,19:00,23:59
興安四海豆漿 (台北店),Wednesday,19:00,23:59
興安四海豆漿 (台北店),Thursday,19:00,23:59
興安四海豆漿 (台北店),Friday,19:00,23:59
興安四海豆漿 (台北店),Saturday,19:00,23:59
興安四海豆漿 (台北店),Sunday,19:00,23:59
興安四海豆漿 (台北店),Monday,00:00,04:00
興安四海豆漿 (台北店),Tuesday,00:00,04:00
興安四海豆漿 (台北店),Wednesday,00:00,04:00
興安四海豆漿 (台北店),Thursday,00:00,04:00
興安四海豆漿 (台北店),Friday,00:00,04:00
興安四海豆漿 (台北店),Saturday,00:00,04:00
興安四海豆漿 (台北店),Sunday,00:00,04:00
興安四海豆漿 (台北店),Monday,07:00,11:00
興安四海豆漿 (台北店),Tuesday,07:00,11:00
興安四海豆漿 (台北店),Wednesday,07:00,11:00
興安四海豆漿 (台北店),Thursday,07:00,11:00
興安四海豆漿 (台北店),Friday,07:00,11:00
興安四海豆漿 (台北店),Saturday,07:00,11:00
興安四海豆漿 (台北店),Sunday,07:00,11:00
京星港式飲茶一店,Monday,00:00,23:59
京星港式飲茶一店,Tuesday,00:00,23:59
京星港式飲茶一店,Wednesday,00:00,23:59
京星港式飲茶一店,Thursday,00:00,23:59
京星港式飲茶一店,Friday,00:00,23:59
京星港式飲茶一店,Saturday,00:00,23:59
京星港式飲茶一店,Sunday,00:00,23:59
胡同燒肉丼 2號店,Monday,18:30,23:59
胡同燒肉丼 2號店,Tuesday,18:30,23:59
胡同燒肉丼 2號店,Wednesday,18:30,23:59
胡同燒肉丼 2號店,Thursday,18:30,23:59
胡同燒肉丼 2號店,Friday,18:30,23:59
胡同燒肉丼 2號店,Saturday,18:00,23:59
胡同燒肉丼 2號店,Sunday,18:00,23:59
泰讚了thai like tea市民總店,Monday,00:00,03:00
泰讚了thai like tea市民總店,Tuesday,00:00,03:00
泰讚了thai like tea市民總店,Wednesday,00:00,03:00
泰讚了thai like tea市民總店,Thursday,00:00,03:00
泰讚了thai like tea市民總店,Friday,00:00,03:00
泰讚了thai like tea市民總店,Tuesday,18:30,23:59
泰讚了thai like tea市民總店,Wednesday,18:30,23:59
泰讚了thai like tea市民總店,Thursday,18:30,23:59
泰讚了thai like tea市民總店,Friday,18:30,23:59
泰讚了thai like tea市民總店,Saturday,18:30,23:59
泰讚了thai like tea市民總店,Sunday,18:30,23:59
泰讚了thai like tea市民總店,Saturday,00:00,04:00
泰讚了thai like tea市民總店,Sunday,00:00,04:00
鱻聚霸生猛海鮮,Monday,00:00,01:30
鱻聚霸生猛海鮮,Tuesday,00:00,01:30
鱻聚霸生猛海鮮,Wednesday,00:00,01:30
鱻聚霸生猛海鮮,Thursday,00:00,01:30
鱻聚霸生猛海鮮,Friday,00:00,01:30
鱻聚霸生猛海鮮,Saturday,00:00,01:30
鱻聚霸生猛海鮮,Sunday,00:00,01:30
鱻聚霸生猛海鮮,Monday,17:00,23:59
鱻聚霸生猛海鮮,Tuesday,17:00,23:59
鱻聚霸生猛海鮮,Wednesday,17:00,23:59
鱻聚霸生猛海鮮,Thursday,17:00,23:59
鱻聚霸生猛海鮮,Friday,17:00,23:59
鱻聚霸生猛海鮮,Saturday,17:00,23:59
鱻聚霸生猛海鮮,Sunday,17:00,23:59
玉欣珍傳統美食坊,Monday,00:00,23:59
玉欣珍傳統美食坊,Tuesday,00:00,23:59
玉欣珍傳統美食坊,Wednesday,00:00,23:59
玉欣珍傳統美食坊,Thursday,00:00,23:59
玉欣珍傳統美食坊,Friday,00:00,23:59
玉欣珍傳統美食坊,Saturday,00:00,23:59
玉欣珍傳統美食坊,Sunday,00:00,23:59
四鄉五島馬祖麵,Monday,00:00,01:00
四鄉五島馬祖麵,Tuesday,00:00,01:00
四鄉五島馬祖麵,Wednesday,00:00,01:00
四鄉五島馬祖麵,Thursday,00:00,01:00
四鄉五島馬祖麵,Friday,00:00,01:00
四鄉五島馬祖麵,Saturday,00:00,01:00
四鄉五島馬祖麵,Sunday,00:00,01:00
四鄉五島馬祖麵,Monday,10:00,23:59
四鄉五島馬祖麵,Tuesday,10:00,23:59
四鄉五島馬祖麵,Wednesday,10:00,23:59
四鄉五島馬祖麵,Thursday,10:00,23:59
四鄉五島馬祖麵,Friday,10:00,23:59
四鄉五島馬祖麵,Saturday,10:00,23:59
四鄉五島馬祖麵,Sunday,10:00,23:59
豚花韓式料理,Monday,14:00,23:59
豚花韓式料理,Tuesday,14:00,23:59
豚花韓式料理,Wednesday,14:00,23:59
豚花韓式料理,Thursday,14:00,23:59
豚花韓式料理,Friday,14:00,23:59
豚花韓式料理,Saturday,14:00,23:59
豚花韓式料理,Sunday,14:00,23:59
市民大道涮涮鍋 (松山東興店),Monday,00:00,04:00
市民大道涮涮鍋 (松山東興店),Tuesday,00:00,04:00
市民大道涮涮鍋 (松山東興店),Wednesday,00:00,04:00
市民大道涮涮鍋 (松山東興店),Thursday,00:00,04:00
市民大道涮涮鍋 (松山東興店),Friday,00:00,04:00
市民大道涮涮鍋 (松山東興店),Saturday,00:00,04:00
市民大道涮涮鍋 (松山東興店),Sunday,00:00,04:00
市民大道涮涮鍋 (松山東興店),Monday,17:00,23:59
市民大道涮涮鍋 (松山東興店),Tuesday,17:00,23:59
市民大道涮涮鍋 (松山東興店),Wednesday,17:00,23:59
市民大道涮涮鍋 (松山東興店),Thursday,17:00,23:59
市民大道涮涮鍋 (松山東興店),Friday,17:00,23:59
市民大道涮涮鍋 (松山東興店),Saturday,17:00,23:59
市民大道涮涮鍋 (松山東興店),Sunday,17:00,23:59
深夜未歸 (台北永春店),Monday,00:00,23:59
深夜未歸 (台北永春店),Tuesday,00:00,23:59
深夜未歸 (台北永春店),Wednesday,00:00,23:59
深夜未歸 (台北永春店),Thursday,00:00,23:59
深夜未歸 (台北永春店),Friday,00:00,23:59
深夜未歸 (台北永春店),Saturday,00:00,23:59
深夜未歸 (台北永春店),Sunday,00:00,23:59
丐幫滷味 (台北信義分舵),Monday,16:00,23:59
丐幫滷味 (台北信義分舵),Tuesday,16:00,23:59
丐幫滷味 (台北信義分舵),Wednesday,16:00,23:59
丐幫滷味 (台北信義分舵),Thursday,16:00,23:59
丐幫滷味 (台北信義分舵),Friday,16:00,23:59
丐幫滷味 (台北信義分舵),Saturday,16:00,23:59
丐幫滷味 (台北信義分舵),Sunday,16:00,23:59
Fun rice 放飯 (台北松信店),Monday,10:00,23:59
Fun rice 放飯 (台北松信店),Tuesday,10:00,23:59
Fun rice 放飯 (台北松信店),Wednesday,10:00,23:59
Fun rice 放飯 (台北松信店),Thursday,10:00,23:59
Fun rice 放飯 (台北松信店),Friday,10:00,23:59
Fun rice 放飯 (台北松信店),Saturday,10:00,23:59
Fun rice 放飯 (台北松信店),Sunday,10:00,23:59
Fun rice 放飯 (台北松信店),Monday,00:00,03:00
Fun rice 放飯 (台北松信店),Tuesday,00:00,03:00
Fun rice 放飯 (台北松信店),Wednesday,00:00,03:00
Fun rice 放飯 (台北松信店),Thursday,00:00,03:00
Fun rice 放飯 (台北松信店),Friday,00:00,03:00
Fun rice 放飯 (台北松信店),Saturday,00:00,03:00
Fun rice 放飯 (台北松信店),Sunday,00:00,03:00
胖老爹美式炸雞 (松山五分埔店),Monday,17:00,23:59
胖老爹美式炸雞 (松山五分埔店),Tuesday,17:00,23:59
胖老爹美式炸雞 (松山五分埔店),Wednesday,17:00,23:59
胖老爹美式炸雞 (松山五分埔店),Thursday,17:00,23:59
胖老爹美式炸雞 (松山五分埔店),Friday,17:00,23:59
胖老爹美式炸雞 (松山五分埔店),Saturday,17:00,23:59
胖老爹美式炸雞 (松山五分埔店),Sunday,17:00,23:59
胖老爹美式炸雞 (松山五分埔店),Monday,00:00,02:15
胖老爹美式炸雞 (松山五分埔店),Tuesday,00:00,02:15
胖老爹美式炸雞 (松山五分埔店),Wednesday,00:00,02:15
胖老爹美式炸雞 (松山五分埔店),Thursday,00:00,02:15
胖老爹美式炸雞 (松山五分埔店),Friday,00:00,02:15
胖老爹美式炸雞 (松山五分埔店),Saturday,00:00,02:15
胖老爹美式炸雞 (松山五分埔店),Sunday,00:00,02:15
麥當勞 (S302 台北南京影城店),Monday,10:30,23:30
麥當勞 (S302 台北南京影城店),Tuesday,10:30,23:30
麥當勞 (S302 台北南京影城店),Wednesday,10:30,23:30
麥當勞 (S302 台北南京影城店),Thursday,10:30,23:30
麥當勞 (S302 台北南京影城店),Friday,10:30,23:30
麥當勞 (S302 台北南京影城店),Saturday,10:30,23:30
麥當勞 (S302 台北南京影城店),Sunday,10:30,23:30
麥當勞 (S302 台北南京影城店),Monday,05:00,10:00
麥當勞 (S302 台北南京影城店),Tuesday,05:00,10:00
麥當勞 (S302 台北南京影城店),Wednesday,05:00,10:00
麥當勞 (S302 台北南京影城店),Thursday,05:00,10:00
麥當勞 (S302 台北南京影城店),Friday,05:00,10:00
麥當勞 (S302 台北南京影城店),Saturday,05:00,10:00
麥當勞 (S302 台北南京影城店),Sunday,05:00,10:00
豆麻麻雞排店,Tuesday,18:00,23:59
豆麻麻雞排店,Wednesday,18:00,23:59
豆麻麻雞排店,Thursday,18:00,23:59
豆麻麻雞排店,Friday,18:00,23:59
豆麻麻雞排店,Saturday,18:00,23:59
豆麻麻雞排店,Sunday,18:00,23:59
豆麻麻雞排店,Wednesday,00:00,01:00
豆麻麻雞排店,Thursday,00:00,01:00
豆麻麻雞排店,Saturday,00:00,02:00
豆麻麻雞排店,Sunday,00:00,02:00
秧米 (台北市府店),Monday,00:00,03:00
秧米 (台北市府店),Tuesday,00:00,03:00
秧米 (台北市府店),Wednesday,00:00,03:00
秧米 (台北市府店),Thursday,00:00,03:00
秧米 (台北市府店),Friday,00:00,03:00
秧米 (台北市府店),Saturday,00:00,03:00
秧米 (台北市府店),Sunday,00:00,03:00
秧米 (台北市府店),Monday,10:00,23:59
秧米 (台北市府店),Tuesday,10:00,23:59
秧米 (台北市府店),Wednesday,10:00,23:59
秧米 (台北市府店),Thursday,10:00,23:59
秧米 (台北市府店),Friday,10:00,23:59
秧米 (台北市府店),Saturday,10:00,23:59
秧米 (台北市府店),Sunday,10:00,23:59
三媽臭臭鍋 (松山饒河店),Monday,11:00,23:59
三媽臭臭鍋 (松山饒河店),Tuesday,11:00,23:59
三媽臭臭鍋 (松山饒河店),Wednesday,11:00,23:59
三媽臭臭鍋 (松山饒河店),Thursday,11:00,23:59
三媽臭臭鍋 (松山饒河店),Friday,11:00,23:59
三媽臭臭鍋 (松山饒河店),Saturday,11:00,23:59
三媽臭臭鍋 (松山饒河店),Sunday,11:00,23:59
三媽臭臭鍋 (松山饒河店),Monday,00:00,02:00
三媽臭臭鍋 (松山饒河店),Tuesday,00:00,02:00
三媽臭臭鍋 (松山饒河店),Wednesday,00:00,02:00
三媽臭臭鍋 (松山饒河店),Thursday,00:00,02:00
三媽臭臭鍋 (松山饒河店),Friday,00:00,02:00
三媽臭臭鍋 (松山饒河店),Saturday,00:00,02:00
三媽臭臭鍋 (松山饒河店),Sunday,00:00,02:00
すき家 Sukiya (松山站前店),Monday,00:00,23:59
すき家 Sukiya (松山站前店),Tuesday,00:00,23:59
すき家 Sukiya (松山站前店),Wednesday,00:00,23:59
すき家 Sukiya (松山站前店),Thursday,00:00,23:59
すき家 Sukiya (松山站前店),Friday,00:00,23:59
すき家 Sukiya (松山站前店),Saturday,00:00,23:59
すき家 Sukiya (松山站前店),Sunday,00:00,23:59
韓勾a韓式烤肉便當專賣店,Monday,10:30,23:59
韓勾a韓式烤肉便當專賣店,Tuesday,10:30,23:59
韓勾a韓式烤肉便當專賣店,Wednesday,10:30,23:59
韓勾a韓式烤肉便當專賣店,Thursday,10:30,23:59
韓勾a韓式烤肉便當專賣店,Friday,10:30,23:59
韓勾a韓式烤肉便當專賣店,Saturday,10:30,23:59
韓勾a韓式烤肉便當專賣店,Sunday,10:30,23:59
韓勾a韓式烤肉便當專賣店,Monday,00:00,01:00
韓勾a韓式烤肉便當專賣店,Tuesday,00:00,01:00
韓勾a韓式烤肉便當專賣店,Wednesday,00:00,01:00
韓勾a韓式烤肉便當專賣店,Thursday,00:00,01:00
韓勾a韓式烤肉便當專賣店,Friday,00:00,01:00
韓勾a韓式烤肉便當專賣店,Saturday,00:00,01:00
韓勾a韓式烤肉便當專賣店,Sunday,00:00,01:00
東引快刀手,Monday,11:00,23:59
東引快刀手,Tuesday,11:00,23:59
東引快刀手,Wednesday,11:00,23:59
東引快刀手,Thursday,11:00,23:59
東引快刀手,Friday,11:00,23:59
東引快刀手,Saturday,11:00,23:59
東引快刀手,Sunday,11:00,23:59
東引快刀手,Monday,00:00,02:00
東引快刀手,Tuesday,00:00,02:00
東引快刀手,Wednesday,00:00,02:00
東引快刀手,Thursday,00:00,02:00
東引快刀手,Friday,00:00,02:00
東引快刀手,Saturday,00:00,02:00
東引快刀手,Sunday,00:00,02:00
jao ho chao fan mien,Monday,11:00,14:00
jao ho chao fan mien,Tuesday,11:00,14:00
jao ho chao fan mien,Thursday,11:00,14:00
jao ho chao fan mien,Friday,11:00,14:00
jao ho chao fan mien,Sunday,11:00,14:00
jao ho chao fan mien,Monday,00:00,03:00
jao ho chao fan mien,Tuesday,00:00,03:00
jao ho chao fan mien,Wednesday,00:00,03:00
jao ho chao fan mien,Thursday,00:00,03:00
jao ho chao fan mien,Friday,00:00,03:00
jao ho chao fan mien,Saturday,00:00,03:00
jao ho chao fan mien,Sunday,00:00,03:00
jao ho chao fan mien,Monday,17:00,23:59
jao ho chao fan mien,Tuesday,17:00,23:59
jao ho chao fan mien,Wednesday,17:00,23:59
jao ho chao fan mien,Thursday,17:00,23:59
jao ho chao fan mien,Friday,17:00,23:59
jao ho chao fan mien,Saturday,17:00,23:59
jao ho chao fan mien,Sunday,17:00,23:59
jao ho chao fan mien,Wednesday,11:15,14:00
jao ho chao fan mien,Saturday,11:30,14:00
齒牛香牛肉麵,Monday,10:00,23:59
齒牛香牛肉麵,Tuesday,10:00,23:59
齒牛香牛肉麵,Wednesday,10:00,23:59
齒牛香牛肉麵,Thursday,10:00,23:59
齒牛香牛肉麵,Friday,10:00,23:59
齒牛香牛肉麵,Saturday,10:00,23:59
齒牛香牛肉麵,Sunday,10:00,23:59
