name,product,price
市府海鮮麵疙瘩,海鮮麵疙瘩, 119
市府海鮮麵疙瘩,瘦肉麵疙瘩, 119
市府海鮮麵疙瘩,鮮蝦抄手, 89
市府海鮮麵疙瘩,蝦餛飩麵疙瘩, 119
市府海鮮麵疙瘩,泡菜麵疙瘩, 170
市府海鮮麵疙瘩,海鮮麵, 111
市府海鮮麵疙瘩,海鮮麵疙瘩, 119
市府海鮮麵疙瘩,海鮮麵, 111
市府海鮮麵疙瘩,海鮮板條, 111
市府海鮮麵疙瘩,海鮮冬粉, 111
市府海鮮麵疙瘩,瘦肉麵疙瘩, 119
市府海鮮麵疙瘩,瘦肉麵, 111
市府海鮮麵疙瘩,瘦肉板條, 111
市府海鮮麵疙瘩,瘦肉冬粉, 111
市府海鮮麵疙瘩,豬肝麵疙瘩, 102
市府海鮮麵疙瘩,豬肝麵, 94
市府海鮮麵疙瘩,豬肝板條, 94
市府海鮮麵疙瘩,豬肝冬粉, 94
市府海鮮麵疙瘩,蔬菜麵疙瘩, 89
市府海鮮麵疙瘩,蔬菜麵, 81
市府海鮮麵疙瘩,蔬菜板條, 81
市府海鮮麵疙瘩,蔬菜冬粉, 81
市府海鮮麵疙瘩,泡菜麵疙瘩, 170
市府海鮮麵疙瘩,泡菜麵, 162
市府海鮮麵疙瘩,泡菜板條, 162
市府海鮮麵疙瘩,泡菜冬粉, 162
市府海鮮麵疙瘩,蝦餛飩麵疙瘩, 119
市府海鮮麵疙瘩,蝦餛飩麵, 111
市府海鮮麵疙瘩,蝦餛飩板條, 111
市府海鮮麵疙瘩,肉餛飩麵疙瘩, 111
市府海鮮麵疙瘩,肉餛飩麵, 102
市府海鮮麵疙瘩,肉餛飩板條, 102
市府海鮮麵疙瘩,蝦餛飩湯, 85
市府海鮮麵疙瘩,肉餛飩湯, 77
市府海鮮麵疙瘩,瘦肉湯, 77
市府海鮮麵疙瘩,豬肝湯, 64
市府海鮮麵疙瘩,菜蛋湯, 55
市府海鮮麵疙瘩,燙青菜, 51
市府海鮮麵疙瘩,蔥醬麵疙瘩, 89
市府海鮮麵疙瘩,蔥醬麵, 81
市府海鮮麵疙瘩,醡醬麵疙瘩, 89
市府海鮮麵疙瘩,醡醬麵, 81
市府海鮮麵疙瘩,紹子麵疙瘩, 89
市府海鮮麵疙瘩,紹子板條, 81
市府海鮮麵疙瘩,紹子麵, 81
市府海鮮麵疙瘩,蝦餛飩撈麵, 111
市府海鮮麵疙瘩,肉餛飩撈麵, 102
市府海鮮麵疙瘩,鮮蝦抄手, 89
市府海鮮麵疙瘩,鮮肉抄手, 81
市府海鮮麵疙瘩,招牌經典小菜, 55
艋舺雞排 (台北饒河店),天王雞排, 99
艋舺雞排 (台北饒河店),酥炸杏鮑菇x2, 65
艋舺雞排 (台北饒河店),帶皮脆薯x2, 65
艋舺雞排 (台北饒河店),爆汁嫩雞, 99
艋舺雞排 (台北饒河店),辣妹雞排, 99
艋舺雞排 (台北饒河店),甜不辣, 65
艋舺雞排 (台北饒河店),蜜香紅冷泡茶, 55
艋舺雞排 (台北饒河店),回甘菊花冰茶, 55
艋舺雞排 (台北饒河店),洛神仙楂茶, 55
艋舺雞排 (台北饒河店),鹿谷金萱茶, 55
艋舺雞排 (台北饒河店),蜜桃金萱茶, 55
艋舺雞排 (台北饒河店),酥炸杏鮑菇x2, 65
艋舺雞排 (台北饒河店),帶皮脆薯x2, 65
艋舺雞排 (台北饒河店),艋舺爆汁嫩雞套餐, 198
艋舺雞排 (台北饒河店),艋舺梅子雞排套餐, 198
艋舺雞排 (台北饒河店),艋舺辣妹雞排套餐, 198
艋舺雞排 (台北饒河店),艋舺雞鎖骨套餐, 198
艋舺雞排 (台北饒河店),艋舺天王雞排套餐, 198
艋舺雞排 (台北饒河店),艋舺苔客雞排套餐, 198
艋舺雞排 (台北饒河店),今晚吃雞分享餐, 828
艋舺雞排 (台北饒河店),天王雞排, 99
艋舺雞排 (台北饒河店),辣妹雞排, 99
艋舺雞排 (台北饒河店),苔客雞排, 99
艋舺雞排 (台北饒河店),爆汁嫩雞, 99
艋舺雞排 (台北饒河店),梅子雞排, 99
艋舺雞排 (台北饒河店),艋舺雞鎖骨, 95
艋舺雞排 (台北饒河店),韓式雞排, 99
艋舺雞排 (台北饒河店),韓式嫩雞, 99
艋舺雞排 (台北饒河店),時代 半胛雞排, 99
艋舺雞排 (台北饒河店),脆皮薯條, 65
艋舺雞排 (台北饒河店),戀乳小饅頭, 65
艋舺雞排 (台北饒河店),酥炸杏鮑菇, 65
艋舺雞排 (台北饒河店),釘菇支, 65
艋舺雞排 (台北饒河店),地瓜薯條, 65
艋舺雞排 (台北饒河店),香酥炸雞皮, 65
艋舺雞排 (台北饒河店),啾咪球球, 65
艋舺雞排 (台北饒河店),甜不辣, 65
艋舺雞排 (台北饒河店),玉米筍, 65
艋舺雞排 (台北饒河店),蜜桃必思, 55
艋舺雞排 (台北饒河店),日式綠茶, 45
艋舺雞排 (台北饒河店),芒果汁調飲, 55
艋舺雞排 (台北饒河店),烏梅汁, 55
焗烤薯薯,馬鈴薯起司四重奏X2, 160
焗烤薯薯,綜合起司馬鈴薯, 95
焗烤薯薯,綜合拔絲馬鈴薯（焗烤）, 110
焗烤薯薯,招牌拔絲馬鈴薯（焗烤）, 105
焗烤薯薯,夏威夷拔絲馬鈴薯（焗烤）, 105
焗烤薯薯,招牌起司馬鈴薯, 90
焗烤薯薯,馬鈴薯起司四重奏X2, 160
焗烤薯薯,焗烤雙薯【葷】, 95
焗烤薯薯,焗烤雙薯【素】, 95
焗烤薯薯,焗烤蕃薯【葷】（地瓜）, 95
焗烤薯薯,焗烤蕃薯【素】（地瓜）, 95
焗烤薯薯,焗烤厚片, 60
焗烤薯薯,綜合起司馬鈴薯, 95
焗烤薯薯,綜合拔絲馬鈴薯（焗烤）, 110
焗烤薯薯,招牌起司馬鈴薯, 90
焗烤薯薯,招牌拔絲馬鈴薯（焗烤）, 105
焗烤薯薯,夏威夷起司馬鈴薯, 90
焗烤薯薯,夏威夷拔絲馬鈴薯（焗烤）, 105
焗烤薯薯,素食起司馬鈴薯, 90
焗烤薯薯,素食拔絲馬鈴薯（焗烤）, 105
焗烤薯薯,原味起司馬鈴薯, 70
焗烤薯薯,原味拔絲馬鈴薯（焗烤）, 85
焗烤薯薯,起司馬鈴薯, 80
焗烤薯薯,拔絲馬鈴薯（焗烤）, 95
職人丼深夜食堂,卡茲脆雞x2, 80
職人丼深夜食堂,炸豬排丼, 130
職人丼深夜食堂,牛丼, 120
職人丼深夜食堂,炸雞排丼, 130
職人丼深夜食堂,燒肉丼, 110
職人丼深夜食堂,炸魚排丼, 130
職人丼深夜食堂,薯餅x2, 25
職人丼深夜食堂,卡茲脆雞x2, 80
職人丼深夜食堂,可口可樂魔力食光A套餐, 210
職人丼深夜食堂,可口可樂魔力食光B套餐, 210
職人丼深夜食堂,可口可樂魔力食光C套餐, 210
職人丼深夜食堂,喝「原萃」美味加焙安心點套餐, 200
職人丼深夜食堂,「可口可樂」安心點套餐, 190
職人丼深夜食堂,燒肉丼, 110
職人丼深夜食堂,牛丼, 120
職人丼深夜食堂,炸雞排丼, 130
職人丼深夜食堂,炸豬排丼, 130
職人丼深夜食堂,炸魚排丼, 130
職人丼深夜食堂,卡茲脆雞丼, 130
職人丼深夜食堂, 炸竹莢雙魚丼, 150
職人丼深夜食堂,酥炸海老丼, 160
職人丼深夜食堂,炸牡蠣丼, 180
職人丼深夜食堂,職人雙餅丼, 110
職人丼深夜食堂,泡菜牛丼, 170
職人丼深夜食堂,泡菜燒肉丼, 160
職人丼深夜食堂,泡菜炸雞排丼, 180
職人丼深夜食堂,泡菜炸豬排丼, 180
職人丼深夜食堂,泡菜炸魚排丼, 180
職人丼深夜食堂,泡菜卡茲脆雞丼, 180
職人丼深夜食堂,泡菜職人雙餅丼, 160
職人丼深夜食堂,泡菜酥炸海老丼, 210
職人丼深夜食堂,泡菜炸竹莢雙魚丼, 200
職人丼深夜食堂,泡菜炸牡蠣丼, 220
職人丼深夜食堂,起司牛丼, 160
職人丼深夜食堂,起司燒肉丼, 150
職人丼深夜食堂,起司炸雞排丼, 170
職人丼深夜食堂,起司炸豬排丼, 170
職人丼深夜食堂,起司炸魚排丼, 170
職人丼深夜食堂,起司卡茲脆雞丼, 170
職人丼深夜食堂,起司炸竹莢雙魚丼, 190
職人丼深夜食堂,起司酥炸海老丼 , 200
職人丼深夜食堂,起司炸牡蠣丼, 220
職人丼深夜食堂,起司職人雙餅丼 , 150
職人丼深夜食堂,冰心溏心蛋, 30
職人丼深夜食堂,韓式泡菜, 50
職人丼深夜食堂,蔬菜可樂餅, 60
職人丼深夜食堂,炸豬排, 80
職人丼深夜食堂,炸雞排, 80
職人丼深夜食堂,卡茲脆雞, 80
職人丼深夜食堂,薯餅, 20
職人丼深夜食堂,炸豬排, 80
職人丼深夜食堂,卡茲脆雞, 80
職人丼深夜食堂,炸雞排, 80
職人丼深夜食堂,胡麻花椰菜, 50
職人丼深夜食堂,黃金泡菜, 50
職人丼深夜食堂,牛蒡絲, 40
職人丼深夜食堂,翡翠海苔絲 , 40
職人丼深夜食堂,海老蝦（2隻）, 100
職人丼深夜食堂,炸牡蠣（3個）, 130
老王炸烤 (台北南京店),無骨鹽酥雞, 68
老王炸烤 (台北南京店),腐皮串（烤）, 48
老王炸烤 (台北南京店),烤節瓜(烤), 48
老王炸烤 (台北南京店),羊肉串（烤）, 68
老王炸烤 (台北南京店),烤雞排（烤）, 108
老王炸烤 (台北南京店),雞腿肉串（烤）, 58
老王炸烤 (台北南京店),烤雞排（烤）, 108
老王炸烤 (台北南京店),秘製牛排串(烤), 108
老王炸烤 (台北南京店),醬燒牛（烤）, 63
老王炸烤 (台北南京店),牛五花（烤）, 38
老王炸烤 (台北南京店),羊肉串（烤）, 68
老王炸烤 (台北南京店),雞腿肉串（烤）, 58
老王炸烤 (台北南京店),雞屁股串（烤）, 58
老王炸烤 (台北南京店),雞心串（烤）, 58
老王炸烤 (台北南京店),豬梅花（烤）, 48
老王炸烤 (台北南京店),霜降豬（烤）, 58
老王炸烤 (台北南京店),沙嗲豬(烤), 48
老王炸烤 (台北南京店),豬五花（三層肉）（烤）, 48
老王炸烤 (台北南京店),剝皮辣椒卷(烤), 78
老王炸烤 (台北南京店),大腸串（烤）, 68
老王炸烤 (台北南京店),烤雞佛(烤), 330
老王炸烤 (台北南京店),歐式肉丸(烤), 58
老王炸烤 (台北南京店),培根包蔥(烤), 58
老王炸烤 (台北南京店),北海道干貝串(烤), 78
老王炸烤 (台北南京店),烤魷魚（烤）, 168
老王炸烤 (台北南京店),鯖魚（烤）, 168
老王炸烤 (台北南京店),烤生蠔四顆（烤）, 198
老王炸烤 (台北南京店),烤扇貝四顆（烤）, 188
老王炸烤 (台北南京店),胡椒蝦（烤）, 158
老王炸烤 (台北南京店),九孔鮑魚(烤), 150
老王炸烤 (台北南京店),蒜香奶油帝王蟹腳(烤), 850
老王炸烤 (台北南京店),腐皮串（烤）, 48
老王炸烤 (台北南京店),甜不辣(烤), 28
老王炸烤 (台北南京店),豬血糕(烤), 28
老王炸烤 (台北南京店),烤油條(烤), 48
老王炸烤 (台北南京店),豆干(烤), 38
老王炸烤 (台北南京店),糯米腸(烤), 38
老王炸烤 (台北南京店),香菇（烤）, 38
老王炸烤 (台北南京店),杏鮑菇（烤）, 48
老王炸烤 (台北南京店),筊白筍（烤）, 58
老王炸烤 (台北南京店),青椒（烤）, 38
老王炸烤 (台北南京店),烤節瓜(烤), 48
老王炸烤 (台北南京店),烤玉米（烤）, 88
老王炸烤 (台北南京店),無骨鹽酥雞, 68
老王炸烤 (台北南京店),魷米花, 88
老王炸烤 (台北南京店),雞屁股, 48
老王炸烤 (台北南京店),雞心, 48
老王炸烤 (台北南京店),雞排, 98
老王炸烤 (台北南京店),柳葉魚, 78
老王炸烤 (台北南京店),蚵仔酥, 120
老王炸烤 (台北南京店),麻糬棒, 48
老王炸烤 (台北南京店),甜不辣, 38
老王炸烤 (台北南京店),米血, 38
老王炸烤 (台北南京店),港式蘿蔔糕, 68
老王炸烤 (台北南京店),糯米腸, 38
老王炸烤 (台北南京店),雞蛋豆腐, 68
老王炸烤 (台北南京店),薯條, 48
老王炸烤 (台北南京店),炸皮蛋, 38
老王炸烤 (台北南京店),醬汁高麗菜, 58
老王炸烤 (台北南京店),醬汁花椰菜, 58
老王炸烤 (台北南京店),四季豆, 43
老王炸烤 (台北南京店),地瓜條(甘梅), 43
老王炸烤 (台北南京店),醬汁甜玉米, 78
老王炸烤 (台北南京店),銀絲卷(煉乳), 48
老王炸烤 (台北南京店),炸湯圓(花生), 48
老王炸烤 (台北南京店),麻糬(花生), 48
老王炸烤 (台北南京店),地瓜球, 48
老王炸烤 (台北南京店),可樂, 30
老王炸烤 (台北南京店),蘋果西打, 50
老王炸烤 (台北南京店),麥茶, 65
老王炸烤 (台北南京店),椰子水, 70
老王炸烤 (台北南京店),礦泉水, 20
老王炸烤 (台北南京店),氣泡飲柚子海鹽330ML, 45
老王炸烤 (台北南京店),原萃無糖綠580ML, 45
老王炸烤 (台北南京店),原萃無糖紅580ML, 45
老王炸烤 (台北南京店),想飛檸檬茶580ML, 45
老王炸烤 (台北南京店),美麗果蘋果蘇打500ML, 48
口吅品麻辣臭豆腐 (台北通化店),厚片沙朗牛排, 260
口吅品麻辣臭豆腐 (台北通化店),招牌腸旺臭豆腐, 200
口吅品麻辣臭豆腐 (台北通化店),大腸臭豆腐, 200
口吅品麻辣臭豆腐 (台北通化店),麻辣臭豆腐, 110
口吅品麻辣臭豆腐 (台北通化店),鴨血臭豆腐, 110
口吅品麻辣臭豆腐 (台北通化店),黃金超大雞腿排, 200
口吅品麻辣臭豆腐 (台北通化店),厚片沙朗牛排, 260
口吅品麻辣臭豆腐 (台北通化店),香煎厚片平板豬排, 200
口吅品麻辣臭豆腐 (台北通化店),精選厚片梅花豬排, 230
口吅品麻辣臭豆腐 (台北通化店),黃金超大雞腿排, 200
口吅品麻辣臭豆腐 (台北通化店),雙拼特餐, 300
口吅品麻辣臭豆腐 (台北通化店),厚片沙朗牛排、牛/豬/雞/草蝦/鱈魚【任選一種】, 370
口吅品麻辣臭豆腐 (台北通化店),角尖腓力牛排, 320
口吅品麻辣臭豆腐 (台北通化店),大蝦佬, 440
口吅品麻辣臭豆腐 (台北通化店),頂級沙朗牛排, 350
口吅品麻辣臭豆腐 (台北通化店),特選霜降松板豬排, 320
口吅品麻辣臭豆腐 (台北通化店),鐵板麵, 120
口吅品麻辣臭豆腐 (台北通化店),厚片平板豬排加黃金超大雞腿排, 300
口吅品麻辣臭豆腐 (台北通化店),招牌腸旺臭豆腐, 200
口吅品麻辣臭豆腐 (台北通化店),大腸臭豆腐, 200
口吅品麻辣臭豆腐 (台北通化店),腸旺細粉, 200
口吅品麻辣臭豆腐 (台北通化店),腸旺鴨血, 200
口吅品麻辣臭豆腐 (台北通化店),腸旺泡飯, 200
口吅品麻辣臭豆腐 (台北通化店),麻辣臭豆腐, 110
口吅品麻辣臭豆腐 (台北通化店),麻辣鴨血, 110
口吅品麻辣臭豆腐 (台北通化店),鴨血臭豆腐, 110
口吅品麻辣臭豆腐 (台北通化店),鴨血臭豆腐、細粉, 140
口吅品麻辣臭豆腐 (台北通化店),臭豆腐、細粉, 140
口吅品麻辣臭豆腐 (台北通化店),鴨血、細粉, 140
口吅品麻辣臭豆腐 (台北通化店),麻辣細粉, 110
口吅品麻辣臭豆腐 (台北通化店),麻辣泡飯, 110
口吅品麻辣臭豆腐 (台北通化店),香蔥飯, 40
口吅品麻辣臭豆腐 (台北通化店),百香果泡菜, 40
口吅品麻辣臭豆腐 (台北通化店),碳燒桂花酸梅湯, 40
口吅品麻辣臭豆腐 (台北通化店),白米飯, 15
口吅品麻辣臭豆腐 (台北通化店),招牌雪花牛肉鍋, 200
口吅品麻辣臭豆腐 (台北通化店),招牌五花豬肉鍋, 200
口吅品麻辣臭豆腐 (台北通化店),腸旺泡麵, 200
口吅品麻辣臭豆腐 (台北通化店),麻辣泡麵, 110
口吅品麻辣臭豆腐 (台北通化店),五花豬肉片, 80
口吅品麻辣臭豆腐 (台北通化店),雪花牛肉片, 80
口吅品麻辣臭豆腐 (台北通化店),王子麵, 30
口吅品麻辣臭豆腐 (台北通化店),乾細粉, 30
芝香雞肉飯,三合一, 54
芝香雞肉飯,雞滷飯, 100
芝香雞肉飯,原味涼麵(大), 64
芝香雞肉飯,雞肉飯, 90
芝香雞肉飯,雞肉飯, 90
芝香雞肉飯,滷肉飯, 90
芝香雞肉飯,雞滷飯, 100
芝香雞肉飯,原味涼麵(大), 64
芝香雞肉飯,炸醬涼麵, 82
芝香雞肉飯,貢丸湯, 36
芝香雞肉飯,味噌湯, 26
芝香雞肉飯,三合一, 54
芝香雞肉飯,味噌蛋花湯, 36
芝香雞肉飯,味噌貢丸湯, 48
Yong Bo Yong Bo ( Tai Bei Sin Yi Branch ),雞米花, 38
Yong Bo Yong Bo ( Tai Bei Sin Yi Branch ),黃金脆薯, 38
Yong Bo Yong Bo ( Tai Bei Sin Yi Branch ),起司脆皮熱狗, 67
Yong Bo Yong Bo ( Tai Bei Sin Yi Branch ),第一綠豆沙牛奶, 55
Yong Bo Yong Bo ( Tai Bei Sin Yi Branch ),招牌綠豆冰沙, 46
Yong Bo Yong Bo ( Tai Bei Sin Yi Branch ),薯餅塔, 59
Yong Bo Yong Bo ( Tai Bei Sin Yi Branch ),招牌綠豆冰沙, 46
Yong Bo Yong Bo ( Tai Bei Sin Yi Branch ),第一綠豆沙牛奶, 55
Yong Bo Yong Bo ( Tai Bei Sin Yi Branch ),酸梅冰沙, 46
Yong Bo Yong Bo ( Tai Bei Sin Yi Branch ),百香冰沙, 46
Yong Bo Yong Bo ( Tai Bei Sin Yi Branch ),樂多冰沙, 46
Yong Bo Yong Bo ( Tai Bei Sin Yi Branch ),可可冰沙, 50
Yong Bo Yong Bo ( Tai Bei Sin Yi Branch ),咖啡冰沙, 50
Yong Bo Yong Bo ( Tai Bei Sin Yi Branch ),花生冰沙, 56
Yong Bo Yong Bo ( Tai Bei Sin Yi Branch ),草莓牛奶冰沙, 63
Yong Bo Yong Bo ( Tai Bei Sin Yi Branch ),法式起司蛋, 59
Yong Bo Yong Bo ( Tai Bei Sin Yi Branch ),可頌起司蛋, 59
Yong Bo Yong Bo ( Tai Bei Sin Yi Branch ),薯餅塔, 59
Yong Bo Yong Bo ( Tai Bei Sin Yi Branch ),地瓜球/小, 34
Yong Bo Yong Bo ( Tai Bei Sin Yi Branch ),地瓜球/大, 63
Yong Bo Yong Bo ( Tai Bei Sin Yi Branch ),沐可紅茶, 46
Yong Bo Yong Bo ( Tai Bei Sin Yi Branch ),沐可綠茶, 46
Yong Bo Yong Bo ( Tai Bei Sin Yi Branch ),沐可黃金烏龍, 50
Yong Bo Yong Bo ( Tai Bei Sin Yi Branch ),沐可炭培烏龍, 50
Yong Bo Yong Bo ( Tai Bei Sin Yi Branch ),黑糖沐可紅, 50
Yong Bo Yong Bo ( Tai Bei Sin Yi Branch ),冬瓜沐可, 50
Yong Bo Yong Bo ( Tai Bei Sin Yi Branch ),榛果沐可, 59
Yong Bo Yong Bo ( Tai Bei Sin Yi Branch ),黑糖沐可, 59
Yong Bo Yong Bo ( Tai Bei Sin Yi Branch ),可可沐可, 59
Yong Bo Yong Bo ( Tai Bei Sin Yi Branch ),咖啡沐可, 59
Yong Bo Yong Bo ( Tai Bei Sin Yi Branch ),黑糖珍珠沐可, 67
Yong Bo Yong Bo ( Tai Bei Sin Yi Branch ),勇伯紅茶, 25
Yong Bo Yong Bo ( Tai Bei Sin Yi Branch ),麥香紅茶, 25
Yong Bo Yong Bo ( Tai Bei Sin Yi Branch ),茉香綠茶, 25
Yong Bo Yong Bo ( Tai Bei Sin Yi Branch ),焙煎大麥, 25
Yong Bo Yong Bo ( Tai Bei Sin Yi Branch ),古早冬瓜, 29
Yong Bo Yong Bo ( Tai Bei Sin Yi Branch ),黃金烏龍, 34
Yong Bo Yong Bo ( Tai Bei Sin Yi Branch ),炭焙烏龍, 34
Yong Bo Yong Bo ( Tai Bei Sin Yi Branch ),百香鮮綠, 42
Yong Bo Yong Bo ( Tai Bei Sin Yi Branch ),酸梅翠綠, 42
Yong Bo Yong Bo ( Tai Bei Sin Yi Branch ),薄荷冰綠, 46
Yong Bo Yong Bo ( Tai Bei Sin Yi Branch ),草本涼茶, 38
Yong Bo Yong Bo ( Tai Bei Sin Yi Branch ),勇嫂酸梅汁, 34
Yong Bo Yong Bo ( Tai Bei Sin Yi Branch ),鮮榨檸檬汁, 42
Yong Bo Yong Bo ( Tai Bei Sin Yi Branch ),古早蛋蜜汁, 59
Yong Bo Yong Bo ( Tai Bei Sin Yi Branch ),香檳葡萄, 42
Yong Bo Yong Bo ( Tai Bei Sin Yi Branch ),冬瓜檸檬, 42
Yong Bo Yong Bo ( Tai Bei Sin Yi Branch ),草莓雲朵, 50
Yong Bo Yong Bo ( Tai Bei Sin Yi Branch ),百香雲朵, 50
Yong Bo Yong Bo ( Tai Bei Sin Yi Branch ),薄荷雲朵, 50
Yong Bo Yong Bo ( Tai Bei Sin Yi Branch ),醇品奶紅, 38
Yong Bo Yong Bo ( Tai Bei Sin Yi Branch ),醇品綠茶, 38
Yong Bo Yong Bo ( Tai Bei Sin Yi Branch ),醇品黃金烏龍, 42
Yong Bo Yong Bo ( Tai Bei Sin Yi Branch ),醇品炭培烏龍, 42
Yong Bo Yong Bo ( Tai Bei Sin Yi Branch ),胚芽醇奶, 46
Yong Bo Yong Bo ( Tai Bei Sin Yi Branch ),芋香醇奶, 46
Yong Bo Yong Bo ( Tai Bei Sin Yi Branch ),薄荷醇奶, 50
Yong Bo Yong Bo ( Tai Bei Sin Yi Branch ),榛果醇奶, 50
Yong Bo Yong Bo ( Tai Bei Sin Yi Branch ),可可醇品, 50
Yong Bo Yong Bo ( Tai Bei Sin Yi Branch ),咖啡醇品, 50
Yong Bo Yong Bo ( Tai Bei Sin Yi Branch ),雙色布丁奶紅, 63
Yong Bo Yong Bo ( Tai Bei Sin Yi Branch ),雙色布丁奶綠, 63
Yong Bo Yong Bo ( Tai Bei Sin Yi Branch ),蜜香茶, 34
Yong Bo Yong Bo ( Tai Bei Sin Yi Branch ),蜜香檸檬, 42
Yong Bo Yong Bo ( Tai Bei Sin Yi Branch ),蜜香紅茶, 42
Yong Bo Yong Bo ( Tai Bei Sin Yi Branch ),蜜香綠茶, 42
Yong Bo Yong Bo ( Tai Bei Sin Yi Branch ),蜜香烏龍, 46
Yong Bo Yong Bo ( Tai Bei Sin Yi Branch ),蜜香烏龍醇品, 50
Yong Bo Yong Bo ( Tai Bei Sin Yi Branch ),蜜香檸檬蘆薈, 49
Yong Bo Yong Bo ( Tai Bei Sin Yi Branch ),薯餅, 21
Yong Bo Yong Bo ( Tai Bei Sin Yi Branch ),豬血糕, 21
Yong Bo Yong Bo ( Tai Bei Sin Yi Branch ),黃金脆薯, 38
Yong Bo Yong Bo ( Tai Bei Sin Yi Branch ),甜不辣, 29
Yong Bo Yong Bo ( Tai Bei Sin Yi Branch ),煙燻肉豆, 38
Yong Bo Yong Bo ( Tai Bei Sin Yi Branch ),銀絲卷, 36
Yong Bo Yong Bo ( Tai Bei Sin Yi Branch ),香蔥棒, 34
Yong Bo Yong Bo ( Tai Bei Sin Yi Branch ),鮮嫩魷魚塊, 59
Yong Bo Yong Bo ( Tai Bei Sin Yi Branch ),特級花枝丸, 33
Yong Bo Yong Bo ( Tai Bei Sin Yi Branch ),地瓜薯條, 46
Yong Bo Yong Bo ( Tai Bei Sin Yi Branch ),起司條, 38
Yong Bo Yong Bo ( Tai Bei Sin Yi Branch ),洋蔥圈, 34
Yong Bo Yong Bo ( Tai Bei Sin Yi Branch ),雞米花, 38
Yong Bo Yong Bo ( Tai Bei Sin Yi Branch ),酥脆雞臀, 34
Yong Bo Yong Bo ( Tai Bei Sin Yi Branch ),麥克雞塊, 38
Yong Bo Yong Bo ( Tai Bei Sin Yi Branch ),美式炸蝦, 63
Yong Bo Yong Bo ( Tai Bei Sin Yi Branch ),起司脆皮熱狗, 67
COMEBUY (台北市府店),Comebuy Original Bubble Milk Tea, 60
COMEBUY (台北市府店),海神奶茶, 65
COMEBUY (台北市府店),Apple Crystal, 60
COMEBUY (台北市府店),Bubble Milk Tea, 55
COMEBUY (台北市府店),Passion Fruit Blast, 60
COMEBUY (台北市府店),Sri Lanka Uva Black Tea Latte, 65
COMEBUY (台北市府店),Comebuy Original Bubble Milk Tea, 60
COMEBUY (台北市府店),Bubble Milk Tea, 55
COMEBUY (台北市府店),Neptune Tea, 45
COMEBUY (台北市府店),Apple Crystal, 60
COMEBUY (台北市府店),Passion Fruit Blast, 60
COMEBUY (台北市府店),Sri Lanka Uva Black Tea Latte, 65
COMEBUY (台北市府店),海神奶茶, 65
COMEBUY (台北市府店),Wheat Black Tea, 40
COMEBUY (台北市府店),Jinxuan Oolong Tea, 40
COMEBUY (台北市府店),Hong Kong Style Milk Tea, 70
COMEBUY (台北市府店),Sri Lanka Uva Black Tea Latte, 65
COMEBUY (台北市府店),Oolong Green Tea Latte, 65
COMEBUY (台北市府店),Jinxuan Oolong Tea Latte, 65
COMEBUY (台北市府店),Guanyin Oolong Tea Latte, 65
COMEBUY (台北市府店),玫瑰普洱拿鐵, 65
COMEBUY (台北市府店),觀音厚奶, 70
COMEBUY (台北市府店),Comebuy Milk Tea, 50
COMEBUY (台北市府店),Green Milk Tea, 50
COMEBUY (台北市府店),Osmanthus Green Milk Tea, 65
COMEBUY (台北市府店),Comebuy Original Bubble Milk Tea, 60
COMEBUY (台北市府店),Bubble Milk Tea, 55
COMEBUY (台北市府店),Police Milk Tea, 60
COMEBUY (台北市府店),海神奶茶, 65
COMEBUY (台北市府店),Wheat Black MilkTea, 60
COMEBUY (台北市府店),Passion milk Tea, 60
COMEBUY (台北市府店),玫瑰普洱奶茶, 60
COMEBUY (台北市府店),Herb Jelly Milk Tea, 65
COMEBUY (台北市府店),Chocolate, 55
COMEBUY (台北市府店),Hong Kong Style Milk Tea, 70
COMEBUY (台北市府店),宇治抹茶, 60
COMEBUY (台北市府店),抹茶拿鐵, 80
COMEBUY (台北市府店),Wheat Black Tea, 40
COMEBUY (台北市府店),Neptune Tea, 45
COMEBUY (台北市府店),Passion Tea, 40
COMEBUY (台北市府店),Jinxuan Oolong Tea, 40
COMEBUY (台北市府店),Biluochun Tea, 40
COMEBUY (台北市府店),Four Seasons Oolong Tea, 40
COMEBUY (台北市府店),Oolong Green Tea, 40
COMEBUY (台北市府店),Jasmine Oolong Tea, 40
COMEBUY (台北市府店),Sri Lanka Uva Black Tea, 40
COMEBUY (台北市府店),Guanyin Oolong Tea, 40
COMEBUY (台北市府店),Rose Pu - Erh Tea, 40
COMEBUY (台北市府店),Wenshan Pouchong Oolong Tea, 50
COMEBUY (台北市府店),Oriental Beauty Oolong Tea, 50
COMEBUY (台北市府店),Peach Oolong Tea, 50
COMEBUY (台北市府店),Roselle Honey Scented Black Tea, 50
COMEBUY (台北市府店),Osmanthus Four Seasons Oolong Tea, 50
COMEBUY (台北市府店),Ceylon Black Tea, 30
COMEBUY (台北市府店),Jasmine Green Tea, 30
COMEBUY (台北市府店),Honey Black, 50
COMEBUY (台北市府店),Green Tea, 50
COMEBUY (台北市府店),Lychee Green Tea, 50
COMEBUY (台北市府店),Apple Crystal, 60
COMEBUY (台北市府店),Passion Fruit Blast, 60
COMEBUY (台北市府店),Lemon Green Tea, 55
COMEBUY (台北市府店),Plum Tea, 55
COMEBUY (台北市府店),Yakult Green Tea, 55
COMEBUY (台北市府店),Pineapple Green Tea, 65
COMEBUY (台北市府店),Guava Lemon Green Tea, 65
COMEBUY (台北市府店),Guava Yakult, 85
COMEBUY (台北市府店),超桔霸氣飲, 50
COMEBUY (台北市府店),Honey Aloe Juice, 50
COMEBUY (台北市府店),Lychee Delight, 55
COMEBUY (台北市府店),Citrus Rose Juice, 65
COMEBUY (台北市府店),Kumquat Juice, 55
COMEBUY (台北市府店),Lemon Black Tea, 55
COMEBUY (台北市府店),Grapefruit Green Tea, 65
COMEBUY (台北市府店),Aiyu Lemon Juice, 55
COMEBUY (台北市府店),Mango Yogurt, 65
COMEBUY (台北市府店),Lemon & Grapefruit Juice With QQ, 75
COMEBUY (台北市府店),Passion Fruit Smoothie, 55
COMEBUY (台北市府店),Chocolate Smoothie, 70
COMEBUY (台北市府店),桂圓紅棗, 50
COMEBUY (台北市府店),暖薑茶, 50
COMEBUY (台北市府店),暖薑奶茶, 60
COMEBUY (台北市府店),Hot Lemon Black Tea, 55
COMEBUY (台北市府店),熱桔茶, 55
COMEBUY (台北市府店),黑糖薑汁可可, 65
COMEBUY (台北市府店),Hot Lemon Green Tea, 55
COMEBUY (台北市府店),Hot Lemon Green Tea, 55
COMEBUY (台北市府店),Hot Lemon Green Tea, 55
COMEBUY (台北市府店),Caffe Americano, 55
COMEBUY (台北市府店),Comebuy Caffe, 60
COMEBUY (台北市府店),Caffe Latte, 70
COMEBUY (台北市府店),Caffe Smoothie, 60
COMEBUY (台北市府店),CB環保提袋(2D), 169
焦糖楓串燒漢方無烟撒粉 (台北永吉店),圓甜不辣, 30
焦糖楓串燒漢方無烟撒粉 (台北永吉店),牛肋條串, 38
焦糖楓串燒漢方無烟撒粉 (台北永吉店),蔥肉捲, 38
焦糖楓串燒漢方無烟撒粉 (台北永吉店),豬五花串, 38
焦糖楓串燒漢方無烟撒粉 (台北永吉店),豆干, 30
焦糖楓串燒漢方無烟撒粉 (台北永吉店),雞皮, 38
焦糖楓串燒漢方無烟撒粉 (台北永吉店),鑫鑫腸, 25
焦糖楓串燒漢方無烟撒粉 (台北永吉店),百頁豆腐, 29
焦糖楓串燒漢方無烟撒粉 (台北永吉店),豬血糕, 28
焦糖楓串燒漢方無烟撒粉 (台北永吉店),糯米腸, 35
焦糖楓串燒漢方無烟撒粉 (台北永吉店),烤麻糬, 38
焦糖楓串燒漢方無烟撒粉 (台北永吉店),手工長甜, 28
焦糖楓串燒漢方無烟撒粉 (台北永吉店),圓甜不辣, 30
焦糖楓串燒漢方無烟撒粉 (台北永吉店),芋頭籤, 28
焦糖楓串燒漢方無烟撒粉 (台北永吉店),鱈魚丸, 20
焦糖楓串燒漢方無烟撒粉 (台北永吉店),青椒, 25
焦糖楓串燒漢方無烟撒粉 (台北永吉店),四季豆, 25
焦糖楓串燒漢方無烟撒粉 (台北永吉店),茄子, 25
焦糖楓串燒漢方無烟撒粉 (台北永吉店),花椰, 32
焦糖楓串燒漢方無烟撒粉 (台北永吉店),洋蔥, 32
焦糖楓串燒漢方無烟撒粉 (台北永吉店),茭白筍, 32
焦糖楓串燒漢方無烟撒粉 (台北永吉店),烤金黃甜玉米, 95
焦糖楓串燒漢方無烟撒粉 (台北永吉店),豆干, 30
焦糖楓串燒漢方無烟撒粉 (台北永吉店),炸豆包, 32
焦糖楓串燒漢方無烟撒粉 (台北永吉店),香菇, 35
焦糖楓串燒漢方無烟撒粉 (台北永吉店),杏鮑菇, 38
焦糖楓串燒漢方無烟撒粉 (台北永吉店),雞脖, 32
焦糖楓串燒漢方無烟撒粉 (台北永吉店),雞心, 35
焦糖楓串燒漢方無烟撒粉 (台北永吉店),雞皮, 38
焦糖楓串燒漢方無烟撒粉 (台北永吉店),雞胗, 29
焦糖楓串燒漢方無烟撒粉 (台北永吉店),烤雞翅, 42
焦糖楓串燒漢方無烟撒粉 (台北永吉店),無骨烤雞腿, 82
焦糖楓串燒漢方無烟撒粉 (台北永吉店),雞尾, 32
焦糖楓串燒漢方無烟撒粉 (台北永吉店),德式帶骨香腸, 60
焦糖楓串燒漢方無烟撒粉 (台北永吉店),脆皮肥腸, 42
焦糖楓串燒漢方無烟撒粉 (台北永吉店),牛肋條串, 38
焦糖楓串燒漢方無烟撒粉 (台北永吉店),豬五花串, 38
焦糖楓串燒漢方無烟撒粉 (台北永吉店),腿排肉串, 38
焦糖楓串燒漢方無烟撒粉 (台北永吉店),羊雪花串, 42
焦糖楓串燒漢方無烟撒粉 (台北永吉店),雞軟骨, 42
焦糖楓串燒漢方無烟撒粉 (台北永吉店),番茄牛五花捲, 42
焦糖楓串燒漢方無烟撒粉 (台北永吉店),蔥肉捲, 38
焦糖楓串燒漢方無烟撒粉 (台北永吉店),培根捲, 38
焦糖楓串燒漢方無烟撒粉 (台北永吉店),爆卵柳葉魚【一夜干】, 30
焦糖楓串燒漢方無烟撒粉 (台北永吉店),白蝦, 28
焦糖楓串燒漢方無烟撒粉 (台北永吉店),鯛魚下巴, 45
焦糖楓串燒漢方無烟撒粉 (台北永吉店),海味龍珠, 45
焦糖楓串燒漢方無烟撒粉 (台北永吉店),魷魚尾, 48
焦糖楓串燒漢方無烟撒粉 (台北永吉店),秘製椒鹽秋刀魚, 95
焦糖楓串燒漢方無烟撒粉 (台北永吉店),阿根廷烤魷魚, 100
焦糖楓串燒漢方無烟撒粉 (台北永吉店),無敵大草蝦一份2支, 239
焦糖楓串燒漢方無烟撒粉 (台北永吉店),北海道大干貝一份兩顆, 219
焦糖楓串燒漢方無烟撒粉 (台北永吉店),帶殼大扇貝一份2顆, 235
焦糖楓串燒漢方無烟撒粉 (台北永吉店),挪威鯖魚一份1支, 189
焦糖楓串燒漢方無烟撒粉 (台北永吉店),高級軟絲一份1支, 289
焦糖楓串燒漢方無烟撒粉 (台北永吉店),飛想茶 檸檬紅茶, 25
焦糖楓串燒漢方無烟撒粉 (台北永吉店),礦泉水, 15
焦糖楓串燒漢方無烟撒粉 (台北永吉店),可樂, 35
Popcorn Chicken King (Taipei Tonghua Store),鹽酥雞, 73
Popcorn Chicken King (Taipei Tonghua Store),魷魚, 73
Popcorn Chicken King (Taipei Tonghua Store),四季豆, 50
Popcorn Chicken King (Taipei Tonghua Store),雞蛋豆腐, 59
Popcorn Chicken King (Taipei Tonghua Store),馬鈴薯條, 45
Popcorn Chicken King (Taipei Tonghua Store),黃金雞軟骨, 73
Popcorn Chicken King (Taipei Tonghua Store),鹽酥雞, 73
Popcorn Chicken King (Taipei Tonghua Store),龍珠, 69
Popcorn Chicken King (Taipei Tonghua Store),魷魚, 73
Popcorn Chicken King (Taipei Tonghua Store),柳葉魚, 69
Popcorn Chicken King (Taipei Tonghua Store),Crab, 69
Popcorn Chicken King (Taipei Tonghua Store),洋蔥圈, 65
Popcorn Chicken King (Taipei Tonghua Store),雞米花, 69
Popcorn Chicken King (Taipei Tonghua Store),雞排, 85
Popcorn Chicken King (Taipei Tonghua Store),雞腿, 85
Popcorn Chicken King (Taipei Tonghua Store),雞蛋豆腐, 59
Popcorn Chicken King (Taipei Tonghua Store),雞皮, 69
Popcorn Chicken King (Taipei Tonghua Store),Chicken Ribcage, 19
Popcorn Chicken King (Taipei Tonghua Store),甜不辣, 39
Popcorn Chicken King (Taipei Tonghua Store),Fish mix Bean Curd Skin, 39
Popcorn Chicken King (Taipei Tonghua Store),糯米腸, 29
Popcorn Chicken King (Taipei Tonghua Store),Potato-Diced, 45
Popcorn Chicken King (Taipei Tonghua Store),馬鈴薯條, 45
Popcorn Chicken King (Taipei Tonghua Store),地瓜薯條, 45
Popcorn Chicken King (Taipei Tonghua Store),蘿蔔糕, 39
Popcorn Chicken King (Taipei Tonghua Store),Pig Blood Cake, 39
Popcorn Chicken King (Taipei Tonghua Store),Salty Taro Cake, 39
Popcorn Chicken King (Taipei Tonghua Store),Sweet Taro Cake, 39
Popcorn Chicken King (Taipei Tonghua Store),豆干, 39
Popcorn Chicken King (Taipei Tonghua Store),百頁豆腐, 39
Popcorn Chicken King (Taipei Tonghua Store),五彩湯圓, 45
Popcorn Chicken King (Taipei Tonghua Store),黃金雞軟骨, 73
Popcorn Chicken King (Taipei Tonghua Store),小熱狗, 39
Popcorn Chicken King (Taipei Tonghua Store),雞屁股, 45
Popcorn Chicken King (Taipei Tonghua Store),雞胗, 45
Popcorn Chicken King (Taipei Tonghua Store),雞心, 45
Popcorn Chicken King (Taipei Tonghua Store),雞翅, 35
Popcorn Chicken King (Taipei Tonghua Store),Bacon Skewers, 59
Popcorn Chicken King (Taipei Tonghua Store),Chicken Neck, 39
Popcorn Chicken King (Taipei Tonghua Store),Fried Preserved Duck Egg, 29
Popcorn Chicken King (Taipei Tonghua Store),Crispy Intestines, 129
Popcorn Chicken King (Taipei Tonghua Store),Squid Ball, 69
Popcorn Chicken King (Taipei Tonghua Store),Mushroom Ball, 39
Popcorn Chicken King (Taipei Tonghua Store),雞腸, 45
Popcorn Chicken King (Taipei Tonghua Store),黃金炸豆皮, 49
Popcorn Chicken King (Taipei Tonghua Store),養生南瓜, 50
Popcorn Chicken King (Taipei Tonghua Store),金針菇, 50
Popcorn Chicken King (Taipei Tonghua Store),玉米筍, 60
Popcorn Chicken King (Taipei Tonghua Store),杏鮑菇, 50
Popcorn Chicken King (Taipei Tonghua Store),筊白筍, 60
Popcorn Chicken King (Taipei Tonghua Store),高麗菜, 50
Popcorn Chicken King (Taipei Tonghua Store),青椒, 50
Popcorn Chicken King (Taipei Tonghua Store),四季豆, 50
Popcorn Chicken King (Taipei Tonghua Store),花椰菜, 50
Popcorn Chicken King (Taipei Tonghua Store),香菇, 50
Popcorn Chicken King (Taipei Tonghua Store),玉米, 50
Popcorn Chicken King (Taipei Tonghua Store),Handmade Shrimp Roll, 55
Popcorn Chicken King (Taipei Tonghua Store),鹽酥鮮蝦, 119
Popcorn Chicken King (Taipei Tonghua Store),Deep-fried OREO, 69
Popcorn Chicken King (Taipei Tonghua Store),三角骨, 69
Popcorn Chicken King (Taipei Tonghua Store),Beef Skewer, 59
Popcorn Chicken King (Taipei Tonghua Store),Fried Mochi, 59
Popcorn Chicken King (Taipei Tonghua Store),手工花枝丸, 39
Popcorn Chicken King (Taipei Tonghua Store),Steamed Bun, 59
Popcorn Chicken King (Taipei Tonghua Store),Salmon Roe, 69
Popcorn Chicken King (Taipei Tonghua Store),月亮蝦餅, 69
Popcorn Chicken King (Taipei Tonghua Store),Sweet Cream with Taro Ball, 59
Popcorn Chicken King (Taipei Tonghua Store),Melted Cheese Sticks, 69
Popcorn Chicken King (Taipei Tonghua Store),手工大甲芋頭餅, 39
Popcorn Chicken King (Taipei Tonghua Store),Deep-fried Sponge Gourd, 59
Popcorn Chicken King (Taipei Tonghua Store),Deep-fried Apple, 69
Popcorn Chicken King (Taipei Tonghua Store),嚴選豬肉串, 49
Popcorn Chicken King (Taipei Tonghua Store),新鮮章魚腳身, 79
Popcorn Chicken King (Taipei Tonghua Store),酥炸小卷, 109
Popcorn Chicken King (Taipei Tonghua Store),Pepper Salt Jars, 69
Popcorn Chicken King (Taipei Tonghua Store),Pepper Salt Box, 380
Popcorn Chicken King (Taipei Tonghua Store),辣椒罐, 69
十全藥膳排骨 (大安通化店),十全排骨湯, 105
十全藥膳排骨 (大安通化店),照燒雞腿飯便當, 150
十全藥膳排骨 (大安通化店),十全肋排湯, 128
十全藥膳排骨 (大安通化店),清燉山藥排骨湯, 125
十全藥膳排骨 (大安通化店),金牌控肉飯便當, 128
十全藥膳排骨 (大安通化店),十全土虱湯, 110
十全藥膳排骨 (大安通化店),滷豆腐X2, 28
十全藥膳排骨 (大安通化店),十全排骨湯, 105
十全藥膳排骨 (大安通化店),十全肋排湯, 128
十全藥膳排骨 (大安通化店),十全藥膳雞腿湯, 140
十全藥膳排骨 (大安通化店),十全羊小排湯, 168
十全藥膳排骨 (大安通化店),十全清湯, 58
十全藥膳排骨 (大安通化店),十全土虱湯, 110
十全藥膳排骨 (大安通化店),十全排骨湯, 105
十全藥膳排骨 (大安通化店),十全肋排湯, 128
十全藥膳排骨 (大安通化店),十全藥膳雞腿湯, 140
十全藥膳排骨 (大安通化店),清燉山藥排骨湯, 125
十全藥膳排骨 (大安通化店),十全排骨麵線, 120
十全藥膳排骨 (大安通化店),十全羊排麵線, 190
十全藥膳排骨 (大安通化店),冠軍滷肉飯, 48
十全藥膳排骨 (大安通化店),招牌香拌麵線, 48
十全藥膳排骨 (大安通化店),梅花烤肉飯便當, 118
十全藥膳排骨 (大安通化店),照燒雞腿飯便當, 150
十全藥膳排骨 (大安通化店),白飯, 18
十全藥膳排骨 (大安通化店),銷魂滷肋排便當, 130
十全藥膳排骨 (大安通化店),招牌滷龍骨輪便當, 128
十全藥膳排骨 (大安通化店),金牌控肉飯便當, 128
十全藥膳排骨 (大安通化店),燙青菜, 58
十全藥膳排骨 (大安通化店),滷白菜, 58
十全藥膳排骨 (大安通化店),筍絲, 58
十全藥膳排骨 (大安通化店),滷豆腐, 28
十全藥膳排骨 (大安通化店),滷蛋, 20
十全藥膳排骨 (大安通化店),滷肋排, 95
十全藥膳排骨 (大安通化店),烤肉片, 88
十全藥膳排骨 (大安通化店),烤雞腿, 105
十全藥膳排骨 (大安通化店),滷龍骨輪, 88
十全藥膳排骨 (大安通化店),滷控肉, 88
百家班 (台北基隆路店),Pepper Prawn, 590
百家班 (台北基隆路店),Garlic Prawn, 590
百家班 (台北基隆路店),Lemon Prawn, 590
百家班 (台北基隆路店),Sour and Spicy Prawn, 590
百家班 (台北基隆路店),Crispy and Salty Prawn, 590
百家班 (台北基隆路店),Butter Prawn, 590
百家班 (台北基隆路店),Pepper Prawn, 590
百家班 (台北基隆路店),Garlic Prawn, 590
百家班 (台北基隆路店),Salt-Steamed Prawn, 590
百家班 (台北基隆路店),Steamed Garlic Prawn, 590
百家班 (台北基隆路店),Salt-grilled Prawn, 590
百家班 (台北基隆路店),Three-Cup Prawn, 590
百家班 (台北基隆路店),Sesame Oil Prawn, 590
百家班 (台北基隆路店),Crispy and Salty Prawn, 590
百家班 (台北基隆路店),Lemon Prawn, 590
百家班 (台北基隆路店),Sour and Spicy Prawn, 590
百家班 (台北基隆路店),Butter Prawn, 590
百家班 (台北基隆路店),Spicy and Hot Prawn, 590
百家班 (台北基隆路店),Sweet Chili Garlic Prawns, 590
百家班 (台北基隆路店),Salted Egg Prawns, 590
百家班 (台北基隆路店),Nanyang Curry Prawns, 590
百家班 (台北基隆路店),清蒸鱸魚, 480
百家班 (台北基隆路店),鹽烤鯖魚, 280
百家班 (台北基隆路店),Hot And Sour Lemon Sea Bass, 520
百家班 (台北基隆路店),Salty Pepper Beef Spare Ribs, 360
百家班 (台北基隆路店),月亮蝦餅, 320
百家班 (台北基隆路店),黃金蝦捲, 320
百家班 (台北基隆路店),Spicy and Hot Chicken Wings, 360
百家班 (台北基隆路店),Pork Shoulder with Chili Oil, 280
百家班 (台北基隆路店),Deep Fried Pork Intestine, 260
百家班 (台北基隆路店),冰鎮油雞, 480
百家班 (台北基隆路店),雞粒豆腐煲, 280
百家班 (台北基隆路店),醬溜炸魚塊, 280
百家班 (台北基隆路店),椒麻雞, 280
百家班 (台北基隆路店),Fried Mochi, 180
百家班 (台北基隆路店),Egg with Fish Sauce, 140
百家班 (台北基隆路店),Taiwanese Sausage with Garlic Slice, 180
百家班 (台北基隆路店),牛蒡天婦羅, 140
百家班 (台北基隆路店),Fried Small Steamed Bread, 150
百家班 (台北基隆路店),Rice Wine Prawn Soup, 880
百家班 (台北基隆路店),Miso Prawn Soup, 680
百家班 (台北基隆路店),Pineapple and Bitter Gourd  Chicken Soup, 520
百家班 (台北基隆路店),Chinese Mushrooms and Gherkins Chicken Soup, 520
百家班 (台北基隆路店),Assorted Mushrooms Chicken Soup, 520
百家班 (台北基隆路店),Bamboo Shoots Chicken Soup, 520
百家班 (台北基隆路店),鹹蛋苦瓜, 220
百家班 (台北基隆路店),Stir-Fried Bird's Nest Fern with Clove Fish, 240
百家班 (台北基隆路店),清炒高麗菜, 140
百家班 (台北基隆路店),Stir-Fried Cabbage with Cherry Shrimps, 220
百家班 (台北基隆路店),清炒空心菜, 140
百家班 (台北基隆路店),蝦醬空心菜, 180
百家班 (台北基隆路店),清炒水蓮, 180
百家班 (台北基隆路店),Stir-Fried Hakka Rice Noodles, 180
百家班 (台北基隆路店),Taiwanese Vermicelli, 130
百家班 (台北基隆路店),麻油麵線, 130
百家班 (台北基隆路店),Mineral Water, 30
百家班 (台北基隆路店),Barley Tea, 80
百家班 (台北基隆路店),Guava Juice, 80
百家班 (台北基隆路店),Plum Juice, 100
百家班 (台北基隆路店),蘋果西打, 60
百家班 (台北基隆路店),茶花綠茶, 80
紅花麻辣鹹水雞,紅花鹽水雞胸、豆皮、高麗菜、米血糕、筍片, 230
紅花麻辣鹹水雞,紅花鹽水雞腿、豆皮、花椰菜、白蘿蔔、筍片, 245
紅花麻辣鹹水雞,鹽水雞半隻、招牌豆乾、高麗菜、米血糕、筍片, 340
紅花麻辣鹹水雞,招牌豆皮、高麗菜、白蘿蔔、四季豆、筍片, 230
紅花麻辣鹹水雞,紅花鹽水雞胸、玉米筍、高麗菜、白蘿蔔、筍片, 230
紅花麻辣鹹水雞,鹽水雞腿、招牌百頁豆腐、花椰菜、白蘿蔔、筍片, 245
紅花麻辣鹹水雞,紅花鹽水雞1隻, 398
紅花麻辣鹹水雞,紅花鹽水雞半隻, 199
紅花麻辣鹹水雞,紅花雞翅膀10隻, 230
紅花麻辣鹹水雞,紅花鹽水雞胸、豆皮、高麗菜、米血糕、筍片, 230
紅花麻辣鹹水雞,鹽水雞腿、招牌百頁豆腐、花椰菜、白蘿蔔、筍片, 245
紅花麻辣鹹水雞,紅花煙燻雞半隻, 219
紅花麻辣鹹水雞,鹽水雞半隻、招牌豆乾、高麗菜、米血糕、筍片, 340
紅花麻辣鹹水雞,鹽水雞半隻、招牌豆皮、招牌百頁豆腐、米血糕、甜不辣、小黃瓜、海帶, 480
紅花麻辣鹹水雞,招牌豆皮、高麗菜、白蘿蔔、四季豆、筍片, 230
紅花麻辣鹹水雞,雞胗、雞心、雞皮、雞生腸、黃金半熟蛋, 208
紅花麻辣鹹水雞,紅花煙燻雞1隻, 438
紅花麻辣鹹水雞,紅花雞翅膀20隻, 450
紅花麻辣鹹水雞,阿淑姐招牌甜不辣10條, 100
紅花麻辣鹹水雞,我愛雞屁股, 100
紅花麻辣鹹水雞,心裡的花 我想帶你回家, 100
紅花麻辣鹹水雞,吃雞肉 長肌肉, 248
紅花麻辣鹹水雞,吃爆紅花小鳥蛋, 150
紅花麻辣鹹水雞,吃對血壓自然降, 200
紅花麻辣鹹水雞,得獎紅花五寶, 259
紅花麻辣鹹水雞,回台隔離不孤單 紅花陪伴你, 279
紅花麻辣鹹水雞,香菇、杏鮑菇、茭白筍, 158
紅花麻辣鹹水雞,豆皮x2、豆干x2、百頁豆腐x2、米血糕x2, 368
紅花麻辣鹹水雞,歡樂派對A, 888
紅花麻辣鹹水雞,紅花鹽水雞半隻、豆皮、高麗菜、雞心、筍片, 340
紅花麻辣鹹水雞,紅花鹽水雞腿、豆皮、花椰菜、白蘿蔔、筍片, 245
紅花麻辣鹹水雞,紅花鹽水雞腿、百頁豆腐、花椰菜、白蘿蔔、筍片, 245
紅花麻辣鹹水雞,紅花鹽水雞半隻、豆干、花椰菜、海帶、筍片, 340
紅花麻辣鹹水雞,紅花雞翅膀4隻、百頁豆腐、黑木耳、雞胗、筍片, 230
紅花麻辣鹹水雞,紅花雞翅膀4隻、米血糕、高麗菜、甜不辣、筍片, 230
紅花麻辣鹹水雞,紅花鹽水雞胸、豆皮、小黃瓜、甜不辣、筍片, 230
紅花麻辣鹹水雞,紅花鹽水雞胸、玉米筍、高麗菜、白蘿蔔、筍片, 230
紅花麻辣鹹水雞,紅花鹽水雞半隻、豆皮、高麗菜、雞心、筍片, 340
紅花麻辣鹹水雞,歡樂派對B, 1
紅花麻辣鹹水雞,紅花鹽水雞半隻、豆皮、百頁豆腐、豆干x2、鳥蛋、花椰菜、白蘿蔔、玉米筍、黑木耳x2, 666
常旺海鮮熱炒,蝦仁滑蛋, 200
常旺海鮮熱炒,沙茶牛肉, 200
常旺海鮮熱炒,水蓮, 150
常旺海鮮熱炒,糖醋排骨, 220
常旺海鮮熱炒,五更腸旺, 200
常旺海鮮熱炒,炒海瓜子, 200
常旺海鮮熱炒,小卷米粉, 750
常旺海鮮熱炒,炒蛤蜊, 200
常旺海鮮熱炒,綜合生魚片, 250
常旺海鮮熱炒,鐵板牛柳, 270
常旺海鮮熱炒,鮭魚生魚片, 250
常旺海鮮熱炒,鹹蚋仔, 130
常旺海鮮熱炒,泰式皮蛋, 200
常旺海鮮熱炒,魚卵沙拉, 180
常旺海鮮熱炒,鱈魚肝, 180
常旺海鮮熱炒,烤鹹豬肉, 180
常旺海鮮熱炒,鯖魚, 180
常旺海鮮熱炒,烤下巴, 180
常旺海鮮熱炒,牛肉炒飯, 130
常旺海鮮熱炒,羊肉炒飯, 130
常旺海鮮熱炒,豬肉炒飯, 130
常旺海鮮熱炒,牛肉炒麵, 130
常旺海鮮熱炒,羊肉炒麵, 130
常旺海鮮熱炒,豬肉炒麵, 130
常旺海鮮熱炒,白飯, 15
常旺海鮮熱炒,蛤蜊湯, 200
常旺海鮮熱炒,蚵仔湯, 200
常旺海鮮熱炒,鮮魚味噌湯, 200
常旺海鮮熱炒,鮮魚薑絲湯, 200
常旺海鮮熱炒,蚵仔米粉, 750
常旺海鮮熱炒,水蓮, 150
常旺海鮮熱炒,空心菜, 130
常旺海鮮熱炒,地瓜葉, 130
常旺海鮮熱炒,高麗菜, 130
常旺海鮮熱炒,麻油川七, 130
常旺海鮮熱炒,娃娃菜, 130
常旺海鮮熱炒,劍筍, 150
常旺海鮮熱炒,麻油豬肝, 200
常旺海鮮熱炒,四季肥腸, 270
常旺海鮮熱炒,麻辣水煮牛肉, 270
常旺海鮮熱炒,麻辣水煮羊肉, 270
常旺海鮮熱炒,麻辣水煮豬肉, 270
常旺海鮮熱炒,蒜泥白肉, 150
常旺海鮮熱炒,青蒜回鍋肉, 200
常旺海鮮熱炒,沙茶牛肉, 200
常旺海鮮熱炒,沙茶羊肉, 200
常旺海鮮熱炒,沙茶豬肉, 200
常旺海鮮熱炒,宮保雞丁, 200
常旺海鮮熱炒,薑絲大腸, 220
常旺海鮮熱炒,脆皮大腸, 200
常旺海鮮熱炒,五更腸旺, 200
常旺海鮮熱炒,客家小炒, 200
常旺海鮮熱炒,蝦仁滑蛋, 200
常旺海鮮熱炒,番茄炒蛋, 200
常旺海鮮熱炒,炒海瓜子, 200
常旺海鮮熱炒,燙沙蝦, 220
常旺海鮮熱炒,鹹酥蝦, 220
常旺海鮮熱炒,月亮蝦餅, 220
常旺海鮮熱炒,蔥爆牛肉, 220
常旺海鮮熱炒,蒜苗山豬肉, 220
常旺海鮮熱炒,芹菜中卷, 220
常旺海鮮熱炒,糖醋排骨, 220
常旺海鮮熱炒,鹹蛋苦瓜, 200
常旺海鮮熱炒,轟炸雞, 260
常旺海鮮熱炒,金沙排骨, 330
常旺海鮮熱炒,三杯中卷, 270
常旺海鮮熱炒,三杯田雞, 270
常旺海鮮熱炒,三杯杏鮑菇, 220
常旺海鮮熱炒,鐵板中卷, 270
滿哥甜品坊,Sago in Taro Puree with Lotus Seed, 120
滿哥甜品坊,Agar Pearl Mango Sago Pomel, 150
滿哥甜品坊,Durian & Black Qlutinous Rice, 145
滿哥甜品坊,芝麻糊搭燉奶【冷】, 165
滿哥甜品坊,順德燉奶, 130
滿哥甜品坊,Durian & Chinese Herb Jelly, 145
滿哥甜品坊,Black Sesame Paste, 115
滿哥甜品坊,Walnut Paste, 115
滿哥甜品坊,Almond Paste, 115
滿哥甜品坊,Black Sesame & Walnuit, 115
滿哥甜品坊,Black Sesame & Almond Paste, 115
滿哥甜品坊,Walnut & Almond Paste, 115
滿哥甜品坊,Sago in Taro Puree with Lotus Seed, 120
滿哥甜品坊,順德燉奶, 130
滿哥甜品坊,芝麻糊搭燉奶【冷】, 165
滿哥甜品坊,杏仁糊搭燉奶【冷】, 165
滿哥甜品坊,Lotus Seed Soup with Papaya & Snow Fungus, 120
滿哥甜品坊,Hong Kong Lotus Seed Papaya Milk, 115
滿哥甜品坊,Almond Paste with Egg White, 130
滿哥甜品坊,Sesame Tangyuan Covered with Handmade Crushed Peanuts, 115
滿哥甜品坊,Sesame Tangyuan Covered with Handmade Crushed Peanuts, 170
滿哥甜品坊,Agar Pearl Mango Sago Pomel, 150
滿哥甜品坊,Mango Sago Pomel with Coconut Jelly, 155
滿哥甜品坊,Mango Sago Pomel with Grass Jelly, 145
滿哥甜品坊,Fresh Fruit & Chinese Herb Jelly, 135
滿哥甜品坊,Durian & Chinese Herb Jelly, 145
滿哥甜品坊,Mango & Chinese Herb Jelly, 130
滿哥甜品坊,Coconut & Chinese Herb Jelly, 125
滿哥甜品坊,Coconut Milk & Black Qlutinous Rice, 110
滿哥甜品坊,Coconut & Black Qlutinous Rice, 125
滿哥甜品坊,Mango & Black Qlutinous witj Coconut Milk, 135
滿哥甜品坊,Durian & Black Qlutinous Rice, 145
滿哥甜品坊,芝麻糊搭黑糯米, 125
滿哥甜品坊,杏仁糊搭黑糯米, 125
滿哥甜品坊,Durian Pancake, 125
滿哥甜品坊,Durian & Mango Pancake, 120
興安四海豆漿 (台北店),爆漿酥皮蛋餅, 65
興安四海豆漿 (台北店),小龍湯包, 105
興安四海豆漿 (台北店),港式蘿蔔糕, 55
興安四海豆漿 (台北店),傳統飯糰, 40
興安四海豆漿 (台北店),招牌酥皮蛋餅, 45
興安四海豆漿 (台北店),鹹豆漿, 45
興安四海豆漿 (台北店),傳統飯糰, 40
興安四海豆漿 (台北店),鹹蛋飯糰, 50
興安四海豆漿 (台北店),培根飯糰, 55
興安四海豆漿 (台北店),火腿飯糰, 50
興安四海豆漿 (台北店),起司飯糰, 50
興安四海豆漿 (台北店),玉米飯糰, 50
興安四海豆漿 (台北店),豬排飯糰, 60
興安四海豆漿 (台北店),鮪魚飯糰, 55
興安四海豆漿 (台北店),燻雞飯糰, 65
興安四海豆漿 (台北店),燒餅, 28
興安四海豆漿 (台北店),甜燒餅, 38
興安四海豆漿 (台北店),燒餅夾油條, 50
興安四海豆漿 (台北店),燒餅蔥蛋, 43
興安四海豆漿 (台北店),燒餅荷包蛋, 43
興安四海豆漿 (台北店),燒燒餅豬排蛋, 60
興安四海豆漿 (台北店),燒餅夾培根, 45
興安四海豆漿 (台北店),燒餅夾火腿, 38
興安四海豆漿 (台北店),燒餅夾肉鬆, 38
興安四海豆漿 (台北店),燒餅夾起司, 38
興安四海豆漿 (台北店),燒餅夾菜脯蛋, 53
興安四海豆漿 (台北店),燒餅夾起司蛋, 53
興安四海豆漿 (台北店),燒餅夾九層蛋, 53
興安四海豆漿 (台北店),燒餅燻雞蛋, 65
興安四海豆漿 (台北店),蛋餅, 30
興安四海豆漿 (台北店),招牌酥皮蛋餅, 45
興安四海豆漿 (台北店),爆漿酥皮蛋餅, 65
興安四海豆漿 (台北店),菜脯蛋蛋餅, 45
興安四海豆漿 (台北店),培根蛋餅, 50
興安四海豆漿 (台北店),火腿蛋餅, 45
興安四海豆漿 (台北店),肉鬆蛋餅, 45
興安四海豆漿 (台北店),九層塔蛋餅, 45
興安四海豆漿 (台北店),玉米蛋餅, 45
興安四海豆漿 (台北店),起司蛋餅, 45
興安四海豆漿 (台北店),鮪魚蛋餅, 50
興安四海豆漿 (台北店),蔬菜蛋餅, 58
興安四海豆漿 (台北店),豬排蛋餅, 58
興安四海豆漿 (台北店),乳酪絲蛋餅, 50
興安四海豆漿 (台北店),蛋餅夾油條, 52
興安四海豆漿 (台北店),燻雞蛋餅, 65
興安四海豆漿 (台北店),泡菜酥皮蛋餅, 65
興安四海豆漿 (台北店),小龍湯包, 105
興安四海豆漿 (台北店),黑糖饅頭, 18
興安四海豆漿 (台北店),白饅頭, 18
興安四海豆漿 (台北店),荷包蛋, 20
興安四海豆漿 (台北店),蔥蛋, 20
興安四海豆漿 (台北店),港式蘿蔔糕, 55
興安四海豆漿 (台北店),韮菜盒, 45
興安四海豆漿 (台北店),油條, 22
興安四海豆漿 (台北店),豆漿, 30
興安四海豆漿 (台北店),米漿, 30
興安四海豆漿 (台北店),冰紅茶, 30
興安四海豆漿 (台北店),豆漿紅茶, 30
興安四海豆漿 (台北店),鹹豆漿, 45
興安四海豆漿 (台北店),鮮奶紅茶, 45
興安四海豆漿 (台北店),鮮奶豆漿, 45
京星港式飲茶一店,鮮蝦仁腸粉, 170
京星港式飲茶一店,水晶蝦餃皇, 160
京星港式飲茶一店,鮮蝦腐皮卷, 175
京星港式飲茶一店,海鮮焗白菜, 185
京星港式飲茶一店,乾炒牛肉河粉, 320
京星港式飲茶一店,揚州炒飯, 320
京星港式飲茶一店,三菜三點, 1
京星港式飲茶一店,四菜四點, 1
京星港式飲茶一店,醬汁炆鳳爪, 120
京星港式飲茶一店,韭黃炸春捲, 130
京星港式飲茶一店,臘味蘿蔔糕, 110
京星港式飲茶一店,鮮竹牛肉球, 110
京星港式飲茶一店,蠔皇叉燒包, 120
京星港式飲茶一店,臘味香芋糕, 110
京星港式飲茶一店,豆沙芝麻球, 110
京星港式飲茶一店,樹子蒸肉排, 135
京星港式飲茶一店,爆漿芝麻球, 120
京星港式飲茶一店,安蝦鹹水餃, 120
京星港式飲茶一店,水晶蝦餃皇, 160
京星港式飲茶一店,鮮蝦韭菜餃, 150
京星港式飲茶一店,柱侯炆牛肚, 150
京星港式飲茶一店,蜜汁叉燒酥, 140
京星港式飲茶一店,魚子蒸燒賣, 140
京星港式飲茶一店,雙色蒸燒賣, 140
京星港式飲茶一店,脆炸卷三拼, 160
京星港式飲茶一店,鮮魚片腸粉, 140
京星港式飲茶一店,桂林牛肉腸粉, 140
京星港式飲茶一店,鴛鴦水晶包, 105
京星港式飲茶一店,薑蔥牛柏葉, 130
京星港式飲茶一店,松子炸蝦筒, 160
京星港式飲茶一店,奶皇流沙包, 140
京星港式飲茶一店,蒜香牛仔肉, 170
京星港式飲茶一店,鮮蝦腐皮卷, 175
京星港式飲茶一店,海鮮焗白菜, 185
京星港式飲茶一店,泰式炸蝦餅, 170
京星港式飲茶一店,水晶餃雙拼, 195
京星港式飲茶一店,西杏沙拉蝦, 190
京星港式飲茶一店,鮮蝦仁腸粉, 170
京星港式飲茶一店,蜂蜜桂花糕, 105
京星港式飲茶一店,椰汁西米露, 105
京星港式飲茶一店,楊枝甘露【瓶】, 160
京星港式飲茶一店,香芒凍奶酪, 110
京星港式飲茶一店,養顏龜苓膏, 105
京星港式飲茶一店,芋茸西米露, 110
京星港式飲茶一店,美顏芝麻糊, 105
京星港式飲茶一店,金沙蝦球, 510
京星港式飲茶一店,菜片蝦鬆, 510
京星港式飲茶一店,XO醬蝦仁炒蛋, 440
京星港式飲茶一店,蝦仁扒豆腐, 435
京星港式飲茶一店,XO醬玉帶蝦球, 565
京星港式飲茶一店,美極生抽蝦, 510
京星港式飲茶一店,脆梅焗肉排, 460
京星港式飲茶一店,鳳梨咕咾肉, 430
京星港式飲茶一店,金沙胡椒骨, 415
京星港式飲茶一店,滑蛋嫩牛肉, 390
京星港式飲茶一店,芥蘭牛肉, 400
京星港式飲茶一店,咖哩牛肉, 380
京星港式飲茶一店,辣子雞球, 415
京星港式飲茶一店,椒鹽牛小排, 485
京星港式飲茶一店,龍皇醬海中寶, 425
京星港式飲茶一店,椒鹽四季牛柳條, 430
京星港式飲茶一店,梅林牛小排, 485
京星港式飲茶一店,福州豆腐, 415
京星港式飲茶一店,海鮮扒豆腐, 435
京星港式飲茶一店,XO醬茄子肥腸煲, 440
京星港式飲茶一店,鐵板薑蔥牛肉, 415
京星港式飲茶一店,鹹魚雞粒豆腐煲, 440
京星港式飲茶一店,黑椒牛小排煲, 510
京星港式飲茶一店,八珍豆腐煲, 420
京星港式飲茶一店,鐵板京都肉排, 415
京星港式飲茶一店,鮑絲鳳絲翅, 600
京星港式飲茶一店,干貝雪蛤海皇羹, 370
京星港式飲茶一店,雪蛤四寶翅, 510
京星港式飲茶一店,芝士海鮮濃湯, 240
京星港式飲茶一店,雞茸玉米羹, 195
京星港式飲茶一店,鮮菇肉片湯, 195
京星港式飲茶一店,翡翠海皇羹, 240
京星港式飲茶一店,鮮茄牛肉湯, 195
京星港式飲茶一店,海鮮乾燒伊麵, 370
京星港式飲茶一店,XO醬叉燒公仔麵, 320
京星港式飲茶一店,廣州炒麵, 320
京星港式飲茶一店,星洲炒米粉, 320
京星港式飲茶一店,脆皮銀絲捲, 70
京星港式飲茶一店,乾炒牛肉河粉, 320
京星港式飲茶一店,金沙海鮮炒飯, 320
京星港式飲茶一店,鹹魚雞粒炒飯, 320
京星港式飲茶一店,生炒牛肉飯, 270
京星港式飲茶一店,揚州炒飯, 320
京星港式飲茶一店,皮蛋魚片粥, 200
京星港式飲茶一店,滑蛋牛肉粥, 210
京星港式飲茶一店,瑤柱白粥, 140
京星港式飲茶一店,蠔油芥蘭, 300
京星港式飲茶一店,腐乳西生菜, 230
京星港式飲茶一店,蝦醬炒空心菜, 230
京星港式飲茶一店,腐乳西蘭花, 300
京星港式飲茶一店,培根高麗菜, 240
京星港式飲茶一店,清炒小豆苗, 240
京星港式飲茶一店,鹹蛋山苦瓜, 340
京星港式飲茶一店,清炒西蘭花, 300
京星港式飲茶一店,清炒芥蘭, 300
京星港式飲茶一店,清炒西生菜, 230
京星港式飲茶一店,蒜蓉空心菜, 230
京星港式飲茶一店,蠔皇素雙菇, 320
京星港式飲茶一店,香椿素炒飯, 220
京星港式飲茶一店,翠竹拌羅漢, 310
京星港式飲茶一店,野菌素燒伊麵, 275
京星港式飲茶一店,素羅漢豆腐煲, 320
京星港式飲茶一店,柳橙汁(瓶), 145
京星港式飲茶一店,西瓜汁(瓶), 145
京星港式飲茶一店,芭樂奇異果汁【瓶】, 145
京星港式飲茶一店,奇異果汁【瓶】, 145
京星港式飲茶一店,鳳梨百香果汁【瓶】, 145
京星港式飲茶一店,西谷米奶茶（瓶）, 145
京星港式飲茶一店,冰鴛鴦奶茶(瓶), 145
京星港式飲茶一店,冰咖啡(瓶), 145
京星港式飲茶一店,可樂, 70
京星港式飲茶一店,雪碧, 70
京星港式飲茶一店,冰百香紅茶【瓶】, 145
京星港式飲茶一店,香片冷泡茶（瓶）, 90
京星港式飲茶一店,烏龍冷泡茶（瓶）, 90
胡同燒肉丼 2號店,韓國泡菜【獨家餐點】, 70
胡同燒肉丼 2號店,手作毛豆【獨家餐點】, 70
泰讚了thai like tea市民總店,泰讚了椰子奶【冰量固定 | 最少半糖】, 87
泰讚了thai like tea市民總店,泰式紅茶拿鐵【限冰飲】, 82
泰讚了thai like tea市民總店,帕岸島斑蘭椰椰, 93
泰讚了thai like tea市民總店,安帕瓦水上市場|摩摩喳喳, 99
泰讚了thai like tea市民總店,泰國皇家草莓椰奶【甜度冰量固定 | 飲用前必須搖勻】, 97
泰讚了thai like tea市民總店,泰國皇家芒果椰奶【甜度冰量固定 | 飲用前必須搖勻】, 97
泰讚了thai like tea市民總店,帕岸島斑蘭椰椰, 93
泰讚了thai like tea市民總店,帕岸島滿月派對, 93
泰讚了thai like tea市民總店,帕岸島沙灘, 93
泰讚了thai like tea市民總店,傳統泰式奶茶, 71
泰讚了thai like tea市民總店,泰式檸檬紅茶, 76
泰讚了thai like tea市民總店,傳統泰式綠奶茶, 71
泰讚了thai like tea市民總店,傳統泰古式咖啡奶, 71
泰讚了thai like tea市民總店,泰式鴛鴦奶茶, 71
泰讚了thai like tea市民總店,茶濃焉泰式奶茶, 71
泰讚了thai like tea市民總店,茶濃焉泰式咖啡奶, 71
泰讚了thai like tea市民總店,茶濃焉鴛鴦奶茶, 71
泰讚了thai like tea市民總店,茶濃焉泰式綠奶茶, 71
泰讚了thai like tea市民總店,傳統泰式紅茶, 62
泰讚了thai like tea市民總店,泰國羅望子冰綠茶, 76
泰讚了thai like tea市民總店,New, 76
泰讚了thai like tea市民總店,蝶豆花檸檬冰茶【甜度冰量固定 | 飲用前搖勻】, 77
泰讚了thai like tea市民總店,蝶豆花鮮奶茶【甜度冰量固定 | 飲用前搖勻】, 77
泰讚了thai like tea市民總店,泰式紅茶拿鐵【限冰飲】, 82
泰讚了thai like tea市民總店,泰式綠茶拿鐵【限冰飲】, 82
泰讚了thai like tea市民總店,泰式咖啡拿鐵【限冰飲】, 82
泰讚了thai like tea市民總店,華欣紅茶淡奶, 77
泰讚了thai like tea市民總店,華欣綠茶淡奶, 77
泰讚了thai like tea市民總店,華欣咖啡淡奶, 77
泰讚了thai like tea市民總店,泰讚了椰子奶【冰量固定 | 最少半糖】, 87
泰讚了thai like tea市民總店,芭達雅鳳梨椰奶【甜度冰量固定 | 飲用前必須搖勻】, 87
泰讚了thai like tea市民總店,泰國皇家草莓椰奶【甜度冰量固定 | 飲用前必須搖勻】, 97
泰讚了thai like tea市民總店,泰國皇家芒果椰奶【甜度冰量固定 | 飲用前必須搖勻】, 97
泰讚了thai like tea市民總店,普吉島菠蘿蜜椰奶【甜度冰量固定｜飲用前必須搖勻】, 87
泰讚了thai like tea市民總店,安帕瓦水上市場|摩摩喳喳, 99
泰讚了thai like tea市民總店,泰國皇家芒果糯米飯凍飲【甜度冰量固定 | 飲用前必須搖勻】, 109
泰讚了thai like tea市民總店,泰國豆奶紅茶【甜度冰量固定】, 87
泰讚了thai like tea市民總店,泰國豆奶綠茶【甜度冰量固定】, 87
泰讚了thai like tea市民總店,泰國豆奶咖啡【甜度冰量固定】, 87
泰讚了thai like tea市民總店,一年生～粉紅凍奶【甜度冰量固定】, 77
鱻聚霸生猛海鮮,金沙中卷, 220
鱻聚霸生猛海鮮,客家小炒, 200
鱻聚霸生猛海鮮,糖醋排骨, 220
鱻聚霸生猛海鮮,鳳梨蝦球, 220
鱻聚霸生猛海鮮,炒牛肉, 200
鱻聚霸生猛海鮮,炒海瓜子, 220
鱻聚霸生猛海鮮,炒海瓜子, 220
鱻聚霸生猛海鮮,蚵仔酥, 250
鱻聚霸生猛海鮮,鳳梨蝦球, 220
鱻聚霸生猛海鮮,綜合生魚片, 250
鱻聚霸生猛海鮮,五味軟絲, 180
鱻聚霸生猛海鮮,魚卵沙拉, 180
鱻聚霸生猛海鮮,鱈魚肝, 180
鱻聚霸生猛海鮮,星醬蝦球, 250
鱻聚霸生猛海鮮,烤鹽豬肉, 180
鱻聚霸生猛海鮮,鯖魚, 180
鱻聚霸生猛海鮮,墨魚香腸, 180
鱻聚霸生猛海鮮,干貝山藥串, 380
鱻聚霸生猛海鮮,海鮮炒麵, 130
鱻聚霸生猛海鮮,牛肉炒麵, 130
鱻聚霸生猛海鮮,高麗菜, 130
鱻聚霸生猛海鮮,炒韭菜花, 120
鱻聚霸生猛海鮮,水蓮, 150
鱻聚霸生猛海鮮,金沙苦瓜, 180
鱻聚霸生猛海鮮,蒜泥白肉, 150
鱻聚霸生猛海鮮,麻婆豆腐, 150
鱻聚霸生猛海鮮,老皮嫩肉, 130
鱻聚霸生猛海鮮,豆干炒肉絲, 130
鱻聚霸生猛海鮮,炒牛肉, 200
鱻聚霸生猛海鮮,宮保雞丁, 200
鱻聚霸生猛海鮮,鹽酥龍珠, 220
鱻聚霸生猛海鮮,月亮蝦餅, 220
鱻聚霸生猛海鮮,鹽酥蝦, 220
鱻聚霸生猛海鮮,燙沙蝦, 220
鱻聚霸生猛海鮮,苦瓜羊肉, 250
鱻聚霸生猛海鮮,麻辣鴨血, 130
鱻聚霸生猛海鮮,客家小炒, 200
鱻聚霸生猛海鮮,五更腸旺, 200
鱻聚霸生猛海鮮,青蒜回鍋肉, 220
鱻聚霸生猛海鮮,香酥雞軟骨, 180
鱻聚霸生猛海鮮,金沙豆腐, 200
鱻聚霸生猛海鮮,泰式中卷, 220
鱻聚霸生猛海鮮,椒鹽排骨, 220
鱻聚霸生猛海鮮,糖醋排骨, 220
鱻聚霸生猛海鮮,四季肥腸, 270
鱻聚霸生猛海鮮,蔥爆松阪豬, 250
鱻聚霸生猛海鮮,南乳炸雞翅, 250
鱻聚霸生猛海鮮,金沙中卷, 220
鱻聚霸生猛海鮮,蛤蜊湯, 200
鱻聚霸生猛海鮮,鮮魚味噌湯, 200
鱻聚霸生猛海鮮,鮮魚薑絲湯, 200
鱻聚霸生猛海鮮,小卷米粉鍋, 780
鱻聚霸生猛海鮮,三杯中卷, 270
鱻聚霸生猛海鮮,三杯田雞, 270
鱻聚霸生猛海鮮,三杯雞腿, 270
鱻聚霸生猛海鮮,三杯杏鮑菇, 270
鱻聚霸生猛海鮮,三杯松阪豬, 270
鱻聚霸生猛海鮮,鐵板豆腐, 270
鱻聚霸生猛海鮮,鐵板牛柳, 270
玉欣珍傳統美食坊,員林肉圓, 60
玉欣珍傳統美食坊,Banboo Soup, 65
玉欣珍傳統美食坊,乾意麵【小】, 65
玉欣珍傳統美食坊,Duck Blood and Stinky Tofu, 80
玉欣珍傳統美食坊,南部粽, 60
玉欣珍傳統美食坊,甜不辣, 80
玉欣珍傳統美食坊,員林肉圓, 60
玉欣珍傳統美食坊,乾意麵【小】, 65
玉欣珍傳統美食坊,乾意麵【大】, 75
玉欣珍傳統美食坊,Yi Noodle with Broth, 85
玉欣珍傳統美食坊,Dry Lamen, 65
玉欣珍傳統美食坊,Dry Lamen, 75
玉欣珍傳統美食坊,Lamen with Broth, 85
玉欣珍傳統美食坊,崁頂麻醬麵【小】, 65
玉欣珍傳統美食坊,崁頂麻醬麵【大】, 75
玉欣珍傳統美食坊,里港餛飩麵【乾】, 85
玉欣珍傳統美食坊,里港餛飩麵【湯】, 85
玉欣珍傳統美食坊,紅油抄手, 80
玉欣珍傳統美食坊,Wonton, 80
玉欣珍傳統美食坊,南部粽, 60
玉欣珍傳統美食坊,甜不辣, 80
玉欣珍傳統美食坊,麻辣臭豆腐, 80
玉欣珍傳統美食坊,麻辣鴨血, 80
玉欣珍傳統美食坊,Duck Blood and Stinky Tofu, 80
玉欣珍傳統美食坊,Rice, 20
玉欣珍傳統美食坊,黑豬魯肉飯(大), 70
玉欣珍傳統美食坊,黑豬魯肉飯(小), 60
玉欣珍傳統美食坊,養身黑木耳, 55
玉欣珍傳統美食坊,自製川味麻辣醬, 160
玉欣珍傳統美食坊,里港餛飩(盒), 270
玉欣珍傳統美食坊,麻辣臭豆腐湯包組3入, 210
玉欣珍傳統美食坊,香菇貢丸(包), 270
玉欣珍傳統美食坊,鮮桔檸檬(冷), 65
玉欣珍傳統美食坊,麻辣鴨血臭豆腐湯包組3入, 210
玉欣珍傳統美食坊,原味貢丸(包), 270
玉欣珍傳統美食坊,黑豬梅花肉, 85
玉欣珍傳統美食坊,手工蛋捲(包), 280
玉欣珍傳統美食坊,麻辣鴨血湯包組3入, 210
玉欣珍傳統美食坊,海瑞貢丸湯, 55
玉欣珍傳統美食坊,蘿蔔魚丸湯, 55
玉欣珍傳統美食坊,里港餛飩湯, 65
玉欣珍傳統美食坊,Banboo Soup, 65
玉欣珍傳統美食坊,Banboo Soup with Meatballs, 85
玉欣珍傳統美食坊,豬血湯, 55
玉欣珍傳統美食坊,大腸豬血湯, 95
玉欣珍傳統美食坊,Seasonal Vegetable Omelet Soup, 55
玉欣珍傳統美食坊,綜合湯, 80
玉欣珍傳統美食坊,燙青菜, 55
玉欣珍傳統美食坊,Broccoli , 55
玉欣珍傳統美食坊,涼拌小黃瓜, 55
玉欣珍傳統美食坊,Chicken Feet (Cold Dish), 55
玉欣珍傳統美食坊,Braised Food Platter, 55
玉欣珍傳統美食坊,Fried Tofu, 55
玉欣珍傳統美食坊,Pig Head Skin (Cold Dish), 55
玉欣珍傳統美食坊,Intestine Heads, 85
玉欣珍傳統美食坊,Boneless Soy Sauce Chicken Leg, 115
玉欣珍傳統美食坊,滷蛋1粒, 15
玉欣珍傳統美食坊,Meatball (1pc), 20
玉欣珍傳統美食坊,水煮蛋包, 15
玉欣珍傳統美食坊,Okra With Sesame Sauce, 55
四鄉五島馬祖麵,綜合湯【小】, 84
四鄉五島馬祖麵,炸+麻麵【小】, 56
四鄉五島馬祖麵,酒糟肉, 80
四鄉五島馬祖麵,嘴邊肉, 80
四鄉五島馬祖麵,炸醬麵【小】, 52
四鄉五島馬祖麵,炸+麻麵【大】, 91
四鄉五島馬祖麵,餛飩麵【大】, 96
四鄉五島馬祖麵,餛飩麵【小】, 68
四鄉五島馬祖麵,綜合麵【大】, 148
四鄉五島馬祖麵,綜合麵【小】, 120
四鄉五島馬祖麵,黑麻麵【大】, 91
四鄉五島馬祖麵,黑麻麵【小】, 56
四鄉五島馬祖麵,麻醬麵【大】, 86
四鄉五島馬祖麵,麻醬麵【小】, 52
四鄉五島馬祖麵,炸醬麵【大】, 86
四鄉五島馬祖麵,炸醬麵【小】, 52
四鄉五島馬祖麵,油拌麵【大】, 86
四鄉五島馬祖麵,油拌麵【小】, 52
四鄉五島馬祖麵,沙茶麵【大】, 86
四鄉五島馬祖麵,沙茶麵【小】, 52
四鄉五島馬祖麵,炸+麻麵【大】, 91
四鄉五島馬祖麵,炸+麻麵【小】, 56
四鄉五島馬祖麵,餛飩湯【大】, 68
四鄉五島馬祖麵,餛飩湯【小】, 46
四鄉五島馬祖麵,綜合湯【大】, 168
四鄉五島馬祖麵,綜合湯【小】, 84
四鄉五島馬祖麵,魚丸湯【大】, 80
四鄉五島馬祖麵,魚丸湯【小】, 40
四鄉五島馬祖麵,貢丸湯【大】, 80
四鄉五島馬祖麵,貢丸湯【小】, 40
四鄉五島馬祖麵,牛肉湯, 132
四鄉五島馬祖麵,酸辣湯, 46
四鄉五島馬祖麵,肉絲湯, 46
四鄉五島馬祖麵,滷蛋, 16
四鄉五島馬祖麵,花干, 34
四鄉五島馬祖麵,海帶, 34
四鄉五島馬祖麵,皮蛋豆腐, 40
四鄉五島馬祖麵,素G, 46
四鄉五島馬祖麵,小魚干豆, 46
四鄉五島馬祖麵,泡菜, 46
四鄉五島馬祖麵,小黃瓜, 46
四鄉五島馬祖麵,豬頭皮, 68
四鄉五島馬祖麵,嘴邊肉, 80
四鄉五島馬祖麵,肝連, 80
四鄉五島馬祖麵,酒糟肉, 80
豚花韓式料理,海鮮蔥煎餅, 355
豚花韓式料理,韓式甜辣醬炸雞, 299
豚花韓式料理,起司泡菜炒飯, 180
豚花韓式料理,韓式豆腐鍋, 249
豚花韓式料理,泡菜鍋, 249
豚花韓式料理,半半炸雞, 455
豚花韓式料理,韓式炒牛肉, 599
豚花韓式料理,原味無骨炸雞, 250
豚花韓式料理,韓式醬油炸雞, 299
豚花韓式料理,韓式甜辣醬炸雞, 299
豚花韓式料理,半半炸雞, 455
豚花韓式料理,炸雞三重奏, 699
豚花韓式料理,可樂, 60
豚花韓式料理,雪碧, 60
豚花韓式料理,葡萄汁, 60
豚花韓式料理,綠茶, 50
豚花韓式料理,海鮮蔥煎餅, 355
豚花韓式料理,泡菜煎餅, 299
豚花韓式料理,韓式辣炒年糕, 229
豚花韓式料理,起司韓式辣炒年糕, 279
豚花韓式料理,韓式辣炒年糕麵, 255
豚花韓式料理,起司韓式辣炒年糕麵, 299
豚花韓式料理,韓式宮廷年糕, 249
豚花韓式料理,韓式辣炒花枝, 299
豚花韓式料理,韓式辣炒花枝豬, 399
豚花韓式料理,韓式辣炒豬肉, 299
豚花韓式料理,韓式醬油炒豬肉, 299
豚花韓式料理,韓式辣炒豆腐豬, 399
豚花韓式料理,豚花自家製韓式泡菜, 60
豚花韓式料理,泡菜鍋, 249
豚花韓式料理,韓式豆腐鍋, 249
豚花韓式料理,部隊鍋, 555
豚花韓式料理,大醬湯【韓式味噌湯】, 199
豚花韓式料理,韓式辣牛肉湯, 299
豚花韓式料理,韓式柚子醬沙拉, 199
豚花韓式料理,鮪魚手抓飯糰, 180
豚花韓式料理,起司泡菜炒飯, 180
豚花韓式料理,韓式冷麵, 255
豚花韓式料理,白飯, 40
市民大道涮涮鍋 (松山東興店),CHOICE PORK, 528
市民大道涮涮鍋 (松山東興店),蛤蜊, 120
市民大道涮涮鍋 (松山東興店),PRIME PORK, 552
市民大道涮涮鍋 (松山東興店),蟹螯肉, 120
市民大道涮涮鍋 (松山東興店),招牌鮮蝦漿【純手工自製】, 120
市民大道涮涮鍋 (松山東興店),巴沙魚片, 144
市民大道涮涮鍋 (松山東興店),SNOWY TENDER PORK, 1
市民大道涮涮鍋 (松山東興店),PRIME PORK, 552
市民大道涮涮鍋 (松山東興店),CHOICE PORK, 528
市民大道涮涮鍋 (松山東興店),VEGETARIAN COMBO, 696
市民大道涮涮鍋 (松山東興店),FISH FILLETS ASSORTED, 708
市民大道涮涮鍋 (松山東興店),SEAFOOD COMBO, 828
市民大道涮涮鍋 (松山東興店),SCALLOP & KING PRAWN, 1
市民大道涮涮鍋 (松山東興店),SUPREME BEEF JAPAN【A5】, 3
市民大道涮涮鍋 (松山東興店),GUAPOTE TIGER, 1
市民大道涮涮鍋 (松山東興店),SPLENDID LOBSTER, 3
市民大道涮涮鍋 (松山東興店),SNOWY TENDER PORK, 888
市民大道涮涮鍋 (松山東興店),PRIME PORK, 372
市民大道涮涮鍋 (松山東興店),CHOICE PORK, 348
市民大道涮涮鍋 (松山東興店),VEGETARIAN COMBO, 516
市民大道涮涮鍋 (松山東興店),FISH FILLETS ASSORTED, 528
市民大道涮涮鍋 (松山東興店),SEAFOOD COMBO, 648
市民大道涮涮鍋 (松山東興店),SCALLOP & KING PRAWN, 996
市民大道涮涮鍋 (松山東興店),SUPREME BEEF JAPAN【A5】, 3
市民大道涮涮鍋 (松山東興店),GUAPOTE TIGER, 1
市民大道涮涮鍋 (松山東興店),SPLENDID LOBSTER, 2
市民大道涮涮鍋 (松山東興店),無主、附餐起鍋, 288
市民大道涮涮鍋 (松山東興店),嚴選菜盤, 180
市民大道涮涮鍋 (松山東興店),湯品, 60
市民大道涮涮鍋 (松山東興店),特製甜點, 48
市民大道涮涮鍋 (松山東興店),秘製佐料乙份, 48
市民大道涮涮鍋 (松山東興店),霸王蝦, 336
市民大道涮涮鍋 (松山東興店),金目鱸魚, 264
市民大道涮涮鍋 (松山東興店),鮮蚵, 180
市民大道涮涮鍋 (松山東興店),天使紅蝦, 180
市民大道涮涮鍋 (松山東興店),草蝦, 144
市民大道涮涮鍋 (松山東興店),北海道生食級大干貝, 144
市民大道涮涮鍋 (松山東興店),透抽, 144
市民大道涮涮鍋 (松山東興店),鯛魚片, 144
市民大道涮涮鍋 (松山東興店),巴沙魚片, 144
市民大道涮涮鍋 (松山東興店),鯊魚片, 144
市民大道涮涮鍋 (松山東興店),北寄貝, 144
市民大道涮涮鍋 (松山東興店),綜合菇, 120
市民大道涮涮鍋 (松山東興店),淡菜, 120
市民大道涮涮鍋 (松山東興店),蟹螯肉, 120
市民大道涮涮鍋 (松山東興店),黑毛和牛丸【爆漿】, 120
市民大道涮涮鍋 (松山東興店),招牌花枝漿【純手工自製】, 120
市民大道涮涮鍋 (松山東興店),招牌鮮蝦漿【純手工自製】, 120
市民大道涮涮鍋 (松山東興店),紅白山藥, 120
市民大道涮涮鍋 (松山東興店),蛤蜊, 120
市民大道涮涮鍋 (松山東興店),高麗菜, 96
市民大道涮涮鍋 (松山東興店),大白菜, 96
市民大道涮涮鍋 (松山東興店),青江菜, 96
市民大道涮涮鍋 (松山東興店),大陸A菜, 96
市民大道涮涮鍋 (松山東興店),綠花椰菜, 96
市民大道涮涮鍋 (松山東興店),小豆苗, 96
市民大道涮涮鍋 (松山東興店),魚蛋捲, 72
市民大道涮涮鍋 (松山東興店),魚包蛋, 72
市民大道涮涮鍋 (松山東興店),魚板, 72
市民大道涮涮鍋 (松山東興店),日式甜不辣, 72
市民大道涮涮鍋 (松山東興店),日式玉子燒, 72
市民大道涮涮鍋 (松山東興店),玉米, 72
市民大道涮涮鍋 (松山東興店),香菇丸, 72
市民大道涮涮鍋 (松山東興店),鱈魚丸, 72
市民大道涮涮鍋 (松山東興店),龍蝦蟹肉棒, 72
市民大道涮涮鍋 (松山東興店),芋頭, 60
市民大道涮涮鍋 (松山東興店),香菇, 60
市民大道涮涮鍋 (松山東興店),玉米筍, 60
市民大道涮涮鍋 (松山東興店),日式腐竹捲, 60
市民大道涮涮鍋 (松山東興店),雲絲捲, 60
市民大道涮涮鍋 (松山東興店),蒟蒻絲, 60
市民大道涮涮鍋 (松山東興店),豬血糕, 60
市民大道涮涮鍋 (松山東興店),鴨血, 60
市民大道涮涮鍋 (松山東興店),三角油豆腐, 60
市民大道涮涮鍋 (松山東興店),魚餃, 60
市民大道涮涮鍋 (松山東興店),蝦餃, 60
市民大道涮涮鍋 (松山東興店),燕餃, 60
市民大道涮涮鍋 (松山東興店),蛋餃, 60
市民大道涮涮鍋 (松山東興店),番茄, 60
市民大道涮涮鍋 (松山東興店),金茸, 60
市民大道涮涮鍋 (松山東興店),凍豆腐, 24
市民大道涮涮鍋 (松山東興店),可樂, 36
市民大道涮涮鍋 (松山東興店),雪碧, 36
市民大道涮涮鍋 (松山東興店),礦泉水, 36
市民大道涮涮鍋 (松山東興店),烏梅汁, 96
市民大道涮涮鍋 (松山東興店),新鮮芒果汁, 96
市民大道涮涮鍋 (松山東興店),現榨柳橙汁, 144
市民大道涮涮鍋 (松山東興店),新鮮椰子汁, 144
市民大道涮涮鍋 (松山東興店),蜂蜜醋, 108
市民大道涮涮鍋 (松山東興店),蘆薈蜜, 108
深夜未歸 (台北永春店),牛肉炒泡麵, 133
深夜未歸 (台北永春店),鹽酥雞塊, 60
深夜未歸 (台北永春店),原味蛋餅, 48
深夜未歸 (台北永春店),玉米蛋餅, 58
深夜未歸 (台北永春店),鮪魚蛋餅, 68
深夜未歸 (台北永春店),培根蛋餅, 68
深夜未歸 (台北永春店),火腿蛋餅, 68
深夜未歸 (台北永春店),薯餅蛋餅, 68
深夜未歸 (台北永春店),熱狗蛋餅, 68
深夜未歸 (台北永春店),肉鬆蛋餅, 68
深夜未歸 (台北永春店),豬排蛋餅, 73
深夜未歸 (台北永春店),泡菜豬排蛋餅, 78
深夜未歸 (台北永春店),卡拉雞蛋餅, 88
深夜未歸 (台北永春店),勁辣雞蛋餅, 88
深夜未歸 (台北永春店),芋泥起司蛋餅, 73
深夜未歸 (台北永春店),九層塔蛋餅, 63
深夜未歸 (台北永春店),燻雞蛋餅, 73
深夜未歸 (台北永春店),卡拉雞蔥抓餅, 103
深夜未歸 (台北永春店),勁辣雞蔥抓餅, 103
深夜未歸 (台北永春店),玉米蔥抓餅, 78
深夜未歸 (台北永春店),鮪魚蔥抓餅, 78
深夜未歸 (台北永春店),培根蔥抓餅, 78
深夜未歸 (台北永春店),火腿蔥抓餅, 78
深夜未歸 (台北永春店),薯餅蔥抓餅, 78
深夜未歸 (台北永春店),熱狗蔥抓餅, 78
深夜未歸 (台北永春店),肉鬆蔥抓餅, 78
深夜未歸 (台北永春店),泡菜豬排蔥抓餅, 93
深夜未歸 (台北永春店),原味蔥抓餅, 68
深夜未歸 (台北永春店),豬排蔥抓餅, 88
深夜未歸 (台北永春店),九層塔蔥抓餅, 73
深夜未歸 (台北永春店),燻雞蔥抓餅, 83
深夜未歸 (台北永春店),黑胡椒牛肉鐵板麵, 118
深夜未歸 (台北永春店),黑胡椒豬排鐵板麵, 103
深夜未歸 (台北永春店),蘑菇牛肉鐵板麵, 118
深夜未歸 (台北永春店),蘑菇豬肉鐵板麵, 100
深夜未歸 (台北永春店),黑胡椒鐵板麵, 70
深夜未歸 (台北永春店),蘑菇鐵板麵, 70
深夜未歸 (台北永春店),薯餅【1片】, 35
深夜未歸 (台北永春店),薯餅【2片】, 60
深夜未歸 (台北永春店),麥克雞塊【5塊】, 55
深夜未歸 (台北永春店),雞柳條【4條】, 70
深夜未歸 (台北永春店),蘿蔔糕【2片】, 55
深夜未歸 (台北永春店),熱狗【4根】, 50
深夜未歸 (台北永春店),德式香腸【1根】, 40
深夜未歸 (台北永春店),洋蔥圈【5個】, 50
深夜未歸 (台北永春店),荷包蛋, 25
深夜未歸 (台北永春店),蔥花蛋, 38
深夜未歸 (台北永春店),九層塔蛋   , 38
深夜未歸 (台北永春店),薯條, 50
深夜未歸 (台北永春店),小肉豆, 55
深夜未歸 (台北永春店),炸銀絲卷, 55
深夜未歸 (台北永春店),冰火菠蘿油, 75
深夜未歸 (台北永春店),花生菠蘿油, 90
深夜未歸 (台北永春店),奶酥菠蘿油, 90
深夜未歸 (台北永春店),炸甜不辣, 50
深夜未歸 (台北永春店),鹽酥雞塊, 60
深夜未歸 (台北永春店),花生小湯圓, 55
深夜未歸 (台北永春店),百頁豆腐, 55
深夜未歸 (台北永春店),甜在心卷, 85
深夜未歸 (台北永春店),炸魷魚圈, 90
深夜未歸 (台北永春店),大熱狗, 50
深夜未歸 (台北永春店),炸物拼盤, 150
深夜未歸 (台北永春店),花生醬牛肉堡, 133
深夜未歸 (台北永春店),西西里雞排堡, 93
深夜未歸 (台北永春店),花生醬豬排堡, 93
深夜未歸 (台北永春店),卡拉雞堡, 103
深夜未歸 (台北永春店),勁辣雞堡, 103
深夜未歸 (台北永春店),美式牛肉堡, 133
深夜未歸 (台北永春店),總匯漢堡, 93
深夜未歸 (台北永春店),芥末炸豬排堡, 93
深夜未歸 (台北永春店),香雞堡, 73
深夜未歸 (台北永春店),薯餅豬排堡, 103
深夜未歸 (台北永春店),花生醬卡拉雞腿堡, 108
深夜未歸 (台北永春店),花生醬勁辣雞腿堡, 108
深夜未歸 (台北永春店),豬排蛋堡, 78
深夜未歸 (台北永春店),大亨堡, 80
深夜未歸 (台北永春店),花生醬牛肉吐司, 123
深夜未歸 (台北永春店),卡拉雞吐司, 93
深夜未歸 (台北永春店),勁辣雞吐司, 93
深夜未歸 (台北永春店),西西里雞排吐司, 88
深夜未歸 (台北永春店),煉乳肉鬆蛋吐司, 68
深夜未歸 (台北永春店),鮪魚蛋吐司, 68
深夜未歸 (台北永春店),培根蛋吐司, 68
深夜未歸 (台北永春店),火腿蛋吐司, 68
深夜未歸 (台北永春店),薯餅蛋吐司, 68
深夜未歸 (台北永春店),蔬菜蛋吐司, 64
深夜未歸 (台北永春店),香雞蛋吐司, 73
深夜未歸 (台北永春店),豬排蛋吐司, 73
深夜未歸 (台北永春店),芥末炸豬排吐司, 88
深夜未歸 (台北永春店),花生醬卡拉雞腿吐司, 103
深夜未歸 (台北永春店),花生醬勁辣雞腿吐司, 103
深夜未歸 (台北永春店),豬排總匯, 103
深夜未歸 (台北永春店),燻雞總匯, 103
深夜未歸 (台北永春店),鮪魚總匯, 88
深夜未歸 (台北永春店),西西里總會, 108
深夜未歸 (台北永春店),厚切牛排總匯, 133
深夜未歸 (台北永春店),卡拉雞腿總匯, 118
深夜未歸 (台北永春店),勁辣雞腿總匯, 118
深夜未歸 (台北永春店),果醬乳酪餅, 55
深夜未歸 (台北永春店),火腿起司乳酪餅, 65
深夜未歸 (台北永春店),熱狗起司乳酪餅, 70
深夜未歸 (台北永春店),薯餅起司乳酪餅, 70
深夜未歸 (台北永春店),豬排起司乳酪餅, 70
深夜未歸 (台北永春店),燻雞起司乳酪餅, 70
深夜未歸 (台北永春店),原味河粉蛋餅, 58
深夜未歸 (台北永春店),培根河粉蛋餅, 78
深夜未歸 (台北永春店),火腿河粉蛋餅, 78
深夜未歸 (台北永春店),玉米河粉蛋餅, 68
深夜未歸 (台北永春店),豬排河粉蛋餅, 88
深夜未歸 (台北永春店),九層塔河粉蛋餅, 68
深夜未歸 (台北永春店),薯餅河粉蛋餅, 78
深夜未歸 (台北永春店),巧克力厚片, 48
深夜未歸 (台北永春店),草莓厚片, 48
深夜未歸 (台北永春店),花生厚片, 48
深夜未歸 (台北永春店),奶酥厚片, 48
深夜未歸 (台北永春店),香蒜厚片, 48
深夜未歸 (台北永春店),奶油厚片, 48
深夜未歸 (台北永春店),鹹蛋黃厚片, 48
深夜未歸 (台北永春店),抹茶厚片, 48
深夜未歸 (台北永春店),玉米鮪魚厚片, 85
深夜未歸 (台北永春店),鳳梨培根厚片, 85
深夜未歸 (台北永春店),玉米燻雞厚片, 85
深夜未歸 (台北永春店),巧克力吐司, 33
深夜未歸 (台北永春店),草莓吐司, 33
深夜未歸 (台北永春店),花生吐司, 33
深夜未歸 (台北永春店),奶酥吐司, 33
深夜未歸 (台北永春店),香蒜吐司, 33
深夜未歸 (台北永春店),奶油吐司, 33
深夜未歸 (台北永春店),鹹蛋黃吐司, 33
深夜未歸 (台北永春店),抹茶吐司, 33
深夜未歸 (台北永春店),巧克力起司棉花糖熱壓吐司, 70
深夜未歸 (台北永春店),奶酥起司棉花糖熱壓吐司, 70
深夜未歸 (台北永春店),花生起司棉花糖熱壓吐司, 70
深夜未歸 (台北永春店),芋泥起司棉花糖熱壓吐司, 75
深夜未歸 (台北永春店),焗烤玉米鮪魚熱壓吐司, 75
深夜未歸 (台北永春店),焗烤香蒜培根熱壓吐司, 75
深夜未歸 (台北永春店),泡菜燒肉熱壓吐司, 85
深夜未歸 (台北永春店),焗烤鳳梨火腿熱壓吐司, 85
深夜未歸 (台北永春店),焗烤德式香腸熱壓吐司, 90
深夜未歸 (台北永春店),紅茶, 38
深夜未歸 (台北永春店),奶茶, 38
深夜未歸 (台北永春店),冬瓜茶, 38
深夜未歸 (台北永春店),冬瓜鮮奶, 68
深夜未歸 (台北永春店),鮮奶茶, 68
深夜未歸 (台北永春店),可可鮮奶, 73
深夜未歸 (台北永春店),豆漿鮮奶, 68
深夜未歸 (台北永春店),冬瓜奶茶, 38
深夜未歸 (台北永春店),可可亞, 48
深夜未歸 (台北永春店),豆漿, 38
深夜未歸 (台北永春店),無糖豆漿, 38
深夜未歸 (台北永春店),紅茶豆漿, 48
深夜未歸 (台北永春店),檸檬紅, 48
深夜未歸 (台北永春店),檸檬冬瓜, 48
深夜未歸 (台北永春店),可樂, 48
深夜未歸 (台北永春店),雪碧, 48
深夜未歸 (台北永春店),肉絲蛋炒飯, 133
深夜未歸 (台北永春店),蝦仁蛋炒飯, 143
深夜未歸 (台北永春店),火腿蛋炒飯, 133
深夜未歸 (台北永春店),泡菜牛蛋炒飯, 143
深夜未歸 (台北永春店),泡菜豬蛋炒飯, 143
深夜未歸 (台北永春店),培根蛋炒飯, 133
深夜未歸 (台北永春店),雞肉蛋炒飯, 133
深夜未歸 (台北永春店),香腸蛋炒飯, 133
深夜未歸 (台北永春店),鹹豬肉蛋炒飯, 133
深夜未歸 (台北永春店),牛肉蛋炒飯, 133
深夜未歸 (台北永春店),羊肉蛋炒飯, 133
深夜未歸 (台北永春店),番茄豬蛋炒飯, 133
深夜未歸 (台北永春店),番茄牛蛋炒飯, 133
深夜未歸 (台北永春店),牛肉炒泡麵, 133
深夜未歸 (台北永春店),豬肉炒泡麵, 133
深夜未歸 (台北永春店),蝦仁炒泡麵, 143
深夜未歸 (台北永春店),雞肉炒泡麵, 133
深夜未歸 (台北永春店),鹹豬肉炒泡麵, 133
深夜未歸 (台北永春店),羊肉炒泡麵, 133
深夜未歸 (台北永春店),韭菜水餃, 110
深夜未歸 (台北永春店),招牌乾麵, 55
深夜未歸 (台北永春店),麻辣燻雞乾麵, 75
深夜未歸 (台北永春店),滷肉飯【小】, 50
深夜未歸 (台北永春店),滷肉飯【大】, 70
深夜未歸 (台北永春店),控肉飯, 113
深夜未歸 (台北永春店),鍋燒意麵, 113
深夜未歸 (台北永春店),沙茶鍋燒麵, 143
深夜未歸 (台北永春店),泡菜鍋燒麵, 143
深夜未歸 (台北永春店),麻辣鍋燒麵, 143
深夜未歸 (台北永春店),牛肉丼飯, 133
深夜未歸 (台北永春店),豬肉丼飯, 133
深夜未歸 (台北永春店),沙茶牛炒麵, 133
深夜未歸 (台北永春店),沙茶豬炒麵, 133
深夜未歸 (台北永春店),沙茶羊炒麵, 133
深夜未歸 (台北永春店),什錦炒麵, 133
深夜未歸 (台北永春店),什錦湯麵, 133
深夜未歸 (台北永春店),皮蛋牛肉粥, 133
深夜未歸 (台北永春店),皮蛋豬肉粥, 133
深夜未歸 (台北永春店),泡菜牛肉粥, 133
深夜未歸 (台北永春店),泡菜豬肉粥, 133
深夜未歸 (台北永春店),雞肉玉米粥, 133
深夜未歸 (台北永春店),海鮮魚肉粥, 143
深夜未歸 (台北永春店),青醬蛤蜊義大利麵, 130
深夜未歸 (台北永春店),青醬雞肉義大利麵, 130
深夜未歸 (台北永春店),番茄蛤蜊義大利麵, 130
深夜未歸 (台北永春店),番茄雞肉義大利麵, 130
深夜未歸 (台北永春店),奶油蛤蜊義大利麵, 130
深夜未歸 (台北永春店),奶油雞肉義大利麵, 130
深夜未歸 (台北永春店),玉米濃湯, 60
深夜未歸 (台北永春店),蔬菜蛋花湯, 58
深夜未歸 (台北永春店),鮮魚湯, 85
深夜未歸 (台北永春店),餛飩湯, 70
深夜未歸 (台北永春店),蛤蜊湯, 75
深夜未歸 (台北永春店),貢丸湯, 55
深夜未歸 (台北永春店),牛肉湯, 85
深夜未歸 (台北永春店),豬肉湯, 85
深夜未歸 (台北永春店),羊肉湯, 85
深夜未歸 (台北永春店),油豆腐, 40
深夜未歸 (台北永春店),韓式泡菜, 55
深夜未歸 (台北永春店),蒜泥肉片, 75
深夜未歸 (台北永春店),燙青菜, 55
深夜未歸 (台北永春店),筍絲, 55
深夜未歸 (台北永春店),滷蛋, 25
丐幫滷味 (台北信義分舵),高麗菜, 32
丐幫滷味 (台北信義分舵),油豆皮, 27
丐幫滷味 (台北信義分舵),花椰菜, 32
丐幫滷味 (台北信義分舵),金針菇, 32
丐幫滷味 (台北信義分舵),大黑豆干, 27
丐幫滷味 (台北信義分舵),玉米筍, 32
丐幫滷味 (台北信義分舵),丐幫經典餐, 151
丐幫滷味 (台北信義分舵),丐幫吃飽餐, 151
丐幫滷味 (台北信義分舵),丐幫減脂餐, 151
丐幫滷味 (台北信義分舵),刀削麵, 32
丐幫滷味 (台北信義分舵),烏龍麵, 32
丐幫滷味 (台北信義分舵),麵疙瘩, 32
丐幫滷味 (台北信義分舵),拉麵, 32
丐幫滷味 (台北信義分舵),河粉, 32
丐幫滷味 (台北信義分舵),蒸煮麵, 32
丐幫滷味 (台北信義分舵),泡麵, 22
丐幫滷味 (台北信義分舵),意麵, 22
丐幫滷味 (台北信義分舵),冬粉, 22
丐幫滷味 (台北信義分舵),王子寬麵, 22
丐幫滷味 (台北信義分舵),豬腱肉, 59
丐幫滷味 (台北信義分舵),肝連肉, 59
丐幫滷味 (台北信義分舵),豬頭皮, 54
丐幫滷味 (台北信義分舵),豬耳朵, 54
丐幫滷味 (台北信義分舵),豬舌, 49
丐幫滷味 (台北信義分舵),豬心, 49
丐幫滷味 (台北信義分舵),豬大腸, 38
丐幫滷味 (台北信義分舵),豬皮, 22
丐幫滷味 (台北信義分舵),鴨腸, 38
丐幫滷味 (台北信義分舵),高麗菜, 32
丐幫滷味 (台北信義分舵),花椰菜, 32
丐幫滷味 (台北信義分舵),玉米筍, 32
丐幫滷味 (台北信義分舵),杏鮑菇, 32
丐幫滷味 (台北信義分舵),金針菇, 32
丐幫滷味 (台北信義分舵),小黃瓜, 32
丐幫滷味 (台北信義分舵),四季豆, 32
丐幫滷味 (台北信義分舵),大黑豆干, 27
丐幫滷味 (台北信義分舵),素雞, 22
丐幫滷味 (台北信義分舵),海帶, 11
丐幫滷味 (台北信義分舵),炸豆包, 22
丐幫滷味 (台北信義分舵),油豆皮, 27
丐幫滷味 (台北信義分舵),蘭花干, 27
丐幫滷味 (台北信義分舵),素腰花, 22
丐幫滷味 (台北信義分舵),蒟蒻絲, 22
丐幫滷味 (台北信義分舵),鳥蛋, 22
丐幫滷味 (台北信義分舵),水晶餃3入, 22
丐幫滷味 (台北信義分舵),甜不辣2入, 22
丐幫滷味 (台北信義分舵),酸菜, 43
丐幫滷味 (台北信義分舵),百頁豆腐, 22
丐幫滷味 (台北信義分舵),米血, 16
丐幫滷味 (台北信義分舵),芋頭糕, 22
丐幫滷味 (台北信義分舵),鴨血, 16
丐幫滷味 (台北信義分舵),黑輪, 11
丐幫滷味 (台北信義分舵),糯米腸, 27
丐幫滷味 (台北信義分舵),大熱狗, 27
丐幫滷味 (台北信義分舵),菜頭, 22
丐幫滷味 (台北信義分舵),蝦捲, 27
丐幫滷味 (台北信義分舵),鱈魚板, 22
丐幫滷味 (台北信義分舵),韓式年糕, 27
丐幫滷味 (台北信義分舵),中豆干2入, 27
丐幫滷味 (台北信義分舵),貢丸, 22
丐幫滷味 (台北信義分舵),花枝丸, 22
丐幫滷味 (台北信義分舵),香菇貢丸, 22
丐幫滷味 (台北信義分舵),魚豆腐, 22
丐幫滷味 (台北信義分舵),麻吉燒, 22
丐幫滷味 (台北信義分舵),口魚兒, 22
丐幫滷味 (台北信義分舵),鑫鑫腸, 22
丐幫滷味 (台北信義分舵),油豆腐, 22
丐幫滷味 (台北信義分舵),魚餃, 22
丐幫滷味 (台北信義分舵),蟳味棒, 22
丐幫滷味 (台北信義分舵),起司燒, 22
丐幫滷味 (台北信義分舵),龍蝦沙拉, 22
Fun rice 放飯 (台北松信店),鹽火燒牛秧米, 180
Fun rice 放飯 (台北松信店),蜜汁燒牛秧米, 180
Fun rice 放飯 (台北松信店),慢燉厚切雞腿秧米, 160
Fun rice 放飯 (台北松信店),紐約客牛排秧米, 270
Fun rice 放飯 (台北松信店),蔥花厚切橫膈膜秧米, 260
Fun rice 放飯 (台北松信店),麻辣燒牛秧米, 180
Fun rice 放飯 (台北松信店),紐約客牛排秧米, 270
Fun rice 放飯 (台北松信店),鹽火燒牛秧米, 180
Fun rice 放飯 (台北松信店),麻辣燒牛秧米, 180
Fun rice 放飯 (台北松信店),蜜汁燒牛秧米, 180
Fun rice 放飯 (台北松信店),慢燉厚切雞腿秧米, 160
Fun rice 放飯 (台北松信店),蔥花厚切橫膈膜秧米, 260
Fun rice 放飯 (台北松信店),戀獄麻婆秧米, 150
Fun rice 放飯 (台北松信店),戀獄麻婆【牛】秧米, 230
Fun rice 放飯 (台北松信店),戀獄麻婆【豚】秧米, 230
Fun rice 放飯 (台北松信店),戀獄麻婆【雞胸】秧米, 190
Fun rice 放飯 (台北松信店),竺咖哩【牛】秧米, 250
Fun rice 放飯 (台北松信店),竺咖哩【豚】秧米, 250
Fun rice 放飯 (台北松信店),竺咖哩【雞胸】秧米, 210
Fun rice 放飯 (台北松信店),慢燉雞胸秧米, 160
Fun rice 放飯 (台北松信店),鹽火手之羽秧米, 230
Fun rice 放飯 (台北松信店),鹽火燒豚秧米, 180
Fun rice 放飯 (台北松信店),薑燒豚秧米, 180
Fun rice 放飯 (台北松信店),白燒鰻秧米, 550
Fun rice 放飯 (台北松信店),庫比牛排秧米, 330
Fun rice 放飯 (台北松信店),紐約客牛排, 210
Fun rice 放飯 (台北松信店),鹽火燒牛, 140
Fun rice 放飯 (台北松信店),麻辣燒牛, 140
Fun rice 放飯 (台北松信店),蜜汁燒牛, 140
Fun rice 放飯 (台北松信店),慢燉厚切雞腿, 120
Fun rice 放飯 (台北松信店),原味舒肥雞胸, 120
Fun rice 放飯 (台北松信店),特選級厚切橫膈膜, 210
Fun rice 放飯 (台北松信店),鹽火手之羽【單點】, 180
Fun rice 放飯 (台北松信店),鹽火燒豚【單點】, 140
Fun rice 放飯 (台北松信店),薑燒豚【單點】, 140
Fun rice 放飯 (台北松信店),白燒鰻【單點】, 450
Fun rice 放飯 (台北松信店),庫比牛排【單點】, 280
Fun rice 放飯 (台北松信店),秧米飯, 30
Fun rice 放飯 (台北松信店),溫泉蛋【1顆】, 30
Fun rice 放飯 (台北松信店),水煮蛋, 30
Fun rice 放飯 (台北松信店),溫泉蛋【3顆】, 85
Fun rice 放飯 (台北松信店),溫泉蛋【7顆】, 200
Fun rice 放飯 (台北松信店),冰烤地瓜, 100
Fun rice 放飯 (台北松信店),藜麥飯【單點】, 40
Fun rice 放飯 (台北松信店),紅豆紫米粥【冷食】, 99
Fun rice 放飯 (台北松信店),冰釀銀耳, 125
Fun rice 放飯 (台北松信店),奶油玉米【熱食】, 99
Fun rice 放飯 (台北松信店),冷凍原味舒肥雞胸, 150
胖老爹美式炸雞 (松山五分埔店),４號餐（雞翅＋雞塊＋雞腿＋飲料）Combo ４, 166
胖老爹美式炸雞 (松山五分埔店),２號餐（雞腿＋雞塊＋飲料）Combo ２, 128
胖老爹美式炸雞 (松山五分埔店),雞腿 Chicken Drumsticks, 60
胖老爹美式炸雞 (松山五分埔店),黃金魷米花 Golden Squid Popcorn, 51
胖老爹美式炸雞 (松山五分埔店),５號全家餐 Family Combo ５, 373
胖老爹美式炸雞 (松山五分埔店),甜不辣 Tempura, 51
胖老爹美式炸雞 (松山五分埔店),雞腿 Chicken Drumsticks, 60
胖老爹美式炸雞 (松山五分埔店),雞塊（大腿塊）Chicken Thigh, 60
胖老爹美式炸雞 (松山五分埔店),雞翅 Chicken Wing, 43
胖老爹美式炸雞 (松山五分埔店),紐奧良雞排 New Orleans Chicken Chop, 84
胖老爹美式炸雞 (松山五分埔店),無骨雞腿排 Boneless Chicken Thigh, 98
胖老爹美式炸雞 (松山五分埔店),胖雞丁（大份） Boneless Diced Chicken, 72
胖老爹美式炸雞 (松山五分埔店),蒜片 Garlic Slices, 30
胖老爹美式炸雞 (松山五分埔店),煉乳醬包 Condensed Milk Pack, 17
胖老爹美式炸雞 (松山五分埔店),１號餐（雞翅＋雞塊＋飲料）Combo １, 111
胖老爹美式炸雞 (松山五分埔店),２號餐（雞腿＋雞塊＋飲料）Combo ２, 128
胖老爹美式炸雞 (松山五分埔店),３號餐（胖雞丁＋波霸薯條＋小雞塊＋飲料）Combo ３, 161
胖老爹美式炸雞 (松山五分埔店),４號餐（雞翅＋雞塊＋雞腿＋飲料）Combo ４, 166
胖老爹美式炸雞 (松山五分埔店),５號全家餐 Family Combo ５, 373
胖老爹美式炸雞 (松山五分埔店),６號全家特餐（全家餐桶＋精選點心任選２份＋飲料）Family Special Combo ６, 501
胖老爹美式炸雞 (松山五分埔店),全腿餐 Chicken Drumsticks Combo, 433
胖老爹美式炸雞 (松山五分埔店),全塊餐 Chicken Thigh Combo, 433
胖老爹美式炸雞 (松山五分埔店),全翅餐 Chicken Wings Combo, 458
胖老爹美式炸雞 (松山五分埔店),腿塊混搭餐 Mixed Chicken Thigh and Chicken Drumstick, 433
胖老爹美式炸雞 (松山五分埔店),無骨雞腿排套餐 Boneless Chicken Thigh Combo, 161
胖老爹美式炸雞 (松山五分埔店),紐奧良雞排套餐 New Orleans Chicken Chop Combo, 149
胖老爹美式炸雞 (松山五分埔店),全腿餐及飲料 Chicken Drumsticks Combo and Beverage, 467
胖老爹美式炸雞 (松山五分埔店),全塊餐及飲料 Chicken Thigh Combo and Beverage, 467
胖老爹美式炸雞 (松山五分埔店),全翅餐及飲料 Chicken Wings Combo and Beverage, 492
胖老爹美式炸雞 (松山五分埔店),腿塊混搭餐及飲料 Mixed Chicken Thigh and Chicken Drumstick, 467
胖老爹美式炸雞 (松山五分埔店),五號全家餐 + 飲料, 407
胖老爹美式炸雞 (松山五分埔店),泰式雞排 Thai Chicken Chop, 93
胖老爹美式炸雞 (松山五分埔店),泰式無骨雞腿排 Thai Boneless Chicken Thigh, 106
胖老爹美式炸雞 (松山五分埔店),泰式雞翅 Thai Chicken Weing, 178
胖老爹美式炸雞 (松山五分埔店),泰式胖雞丁 Thai Boneless Diced Chicken, 84
胖老爹美式炸雞 (松山五分埔店),泰式醬 Thai Sauce Pack, 17
胖老爹美式炸雞 (松山五分埔店),小份波霸薯條Small French Fries, 55
胖老爹美式炸雞 (松山五分埔店),甜不辣 Tempura, 51
胖老爹美式炸雞 (松山五分埔店),地瓜球 Sweet Potato Ball, 55
胖老爹美式炸雞 (松山五分埔店),芝麻芋泥球 Sesame Taro Ball, 55
胖老爹美式炸雞 (松山五分埔店),小芋泥球 Mashed Taro Ball, 51
胖老爹美式炸雞 (松山五分埔店),洋蔥圈 Onion Rings, 51
胖老爹美式炸雞 (松山五分埔店),花枝丸 Cuttlefish Ball, 51
胖老爹美式炸雞 (松山五分埔店),披薩球 Pizza Ball, 60
胖老爹美式炸雞 (松山五分埔店),小雞塊 Chicken Nugget, 55
胖老爹美式炸雞 (松山五分埔店),黃金魷米花 Golden Squid Popcorn, 51
胖老爹美式炸雞 (松山五分埔店),薯餅 Hash Brown, 55
胖老爹美式炸雞 (松山五分埔店),深海鱈魚條 Cod Fish Stick, 55
胖老爹美式炸雞 (松山五分埔店),小份黃金地瓜薯條Small Golden Sweet Potato Sticks, 51
胖老爹美式炸雞 (松山五分埔店),蘋果派 Apple Pie, 43
胖老爹美式炸雞 (松山五分埔店),乳酪甜心酥 Cheese Puff Peatry, 64
胖老爹美式炸雞 (松山五分埔店),花雕雞香腸 Chicken Sausage with Huadiao Wine, 43
胖老爹美式炸雞 (松山五分埔店),塑膠袋, 1
胖老爹美式炸雞 (松山五分埔店),Small Bottle Cola 350ML, 26
胖老爹美式炸雞 (松山五分埔店),雪碧小寶特瓶３５０毫升 Small Bottle Sprite, 26
胖老爹美式炸雞 (松山五分埔店),原萃無糖日式綠茶５８０毫升 Sugar-Free Japanes Green Tea 580ML, 30
胖老爹美式炸雞 (松山五分埔店),原萃無糖烏龍茶５８０毫升 Sugar-Free Oolong Tea 580ML, 30
胖老爹美式炸雞 (松山五分埔店),可樂大寶特瓶１２５０毫升 Large Bottle Coke 1250ML, 51
胖老爹美式炸雞 (松山五分埔店),雪碧大寶特瓶１２５０毫升 Large Bottle Sprite 1250ML, 51
胖老爹美式炸雞 (松山五分埔店),蘋果蘇打大寶特瓶１２５０毫升 Large Bottle Apple Soda 1250ML, 51
胖老爹美式炸雞 (松山五分埔店),飛想茶檸檬紅茶１２５０毫升 Lemon Black Tea 1250ML, 55
胖老爹美式炸雞 (松山五分埔店),原萃日式無糖綠茶350ML, 30
胖老爹美式炸雞 (松山五分埔店),Zero可樂小保特350ml, 26
胖老爹美式炸雞 (松山五分埔店),ZERO大瓶可樂1250ml, 51
麥當勞 (S302 台北南京影城店),套餐-雙層牛肉吉事堡 Double Cheeseburger Meal, 155
麥當勞 (S302 台北南京影城店),套餐-勁辣鷄腿堡 Spicy Chicken Filet Burger Meal, 165
麥當勞 (S302 台北南京影城店),套餐-大麥克 Big Mac Meal, 165
麥當勞 (S302 台北南京影城店),套餐-麥克鷄塊(6塊) 6pcs McNuggets Meal, 149
麥當勞 (S302 台北南京影城店),套餐-麥香魚 Filet-O-Fish Meal, 140
麥當勞 (S302 台北南京影城店),套餐-麥香鷄 McChicken Meal, 129
麥當勞 (S302 台北南京影城店),百分百購物袋 (紅) 100% Bag(Red), 49
麥當勞 (S302 台北南京影城店),百分百購物袋 (黑) 100% Bag(Black), 49
麥當勞 (S302 台北南京影城店),塑膠袋 Plastic Bag, 2
麥當勞 (S302 台北南京影城店),微牽絲起司排雙牛瓜瘋餐 Slightly Stringy Cheese Patty Double Beef Cheese Burger+Sweet Potato Combo, 299
麥當勞 (S302 台北南京影城店),微牽絲起司排雙牛薯爽餐 Slightly Stringy Cheese Patty Double Beef Cheese Burger+Large Fries Combo, 299
麥當勞 (S302 台北南京影城店),微牽絲起司排脆豬瓜瘋餐 Slightly Stringy Cheese Patty Pork Cheese Burger+Sweet Potato Combo, 299
麥當勞 (S302 台北南京影城店),微牽絲起司排脆豬薯爽餐 Slightly Stringy Cheese Patty Pork Cheese Burger+Large Fries Combo, 299
麥當勞 (S302 台北南京影城店),微牽絲起司排雙牛堡 Slightly Stringy Cheese Patty Double Beef Cheese Burger, 134
麥當勞 (S302 台北南京影城店),微牽絲起司排脆豬堡 Slightly Stringy Cheese Patty Pork Cheese Burger, 134
麥當勞 (S302 台北南京影城店),鷄塊鷄腿分享餐(原味) McCrispy & McNuggets Sharing Meal (Orginal), 584
麥當勞 (S302 台北南京影城店),鷄塊鷄腿分享餐(辣味) McCrispy & McNuggets Sharing Meal (Spicy), 584
麥當勞 (S302 台北南京影城店),麥脆鷄腿分享餐 (原味) McCrispy Sharing Meal (Original Flavor), 499
麥當勞 (S302 台北南京影城店),麥脆鷄腿分享餐 (辣味) McCrispy Sharing Meal (Spicy Flavor), 499
麥當勞 (S302 台北南京影城店),30塊麥克鷄塊分享餐 30 Pcs Chicken McNuggets Sharing Meal, 374
麥當勞 (S302 台北南京影城店),20塊麥克鷄塊分享餐 20 Pcs Chicken McNuggets Sharing Meal, 279
麥當勞 (S302 台北南京影城店),套餐-勁辣鷄腿堡 Spicy Chicken Filet Burger Meal, 165
麥當勞 (S302 台北南京影城店),套餐-麥克鷄塊(10塊) 10pcs McNuggets Meal, 189
麥當勞 (S302 台北南京影城店),套餐-大麥克 Big Mac Meal, 165
麥當勞 (S302 台北南京影城店),套餐-2塊麥脆鷄腿(原味) 2pcs McCrispy Original Meal, 210
麥當勞 (S302 台北南京影城店),套餐-2塊麥脆鷄腿(辣味) 2pcs McCrispy Spicy Meal, 210
麥當勞 (S302 台北南京影城店),套餐-蕈菇安格斯牛肉堡 Mushroom Angus Beef Burger Meal, 204
麥當勞 (S302 台北南京影城店),套餐-BLT 安格斯牛肉堡 BLT Angus Beef Burger Meal, 194
麥當勞 (S302 台北南京影城店),套餐-BLT 嫩煎鷄腿堡 BLT Grilled Chicken Burger Meal, 194
麥當勞 (S302 台北南京影城店),套餐-BLT 辣脆鷄腿堡 BLT Spicy Chicken Burger Meal, 194
麥當勞 (S302 台北南京影城店),套餐-雙層牛肉吉事堡 Double Cheeseburger Meal, 155
麥當勞 (S302 台北南京影城店),套餐-雙層麥香鷄 Double McChicken Meal, 159
麥當勞 (S302 台北南京影城店),套餐-麥克鷄塊(6塊) 6pcs McNuggets Meal, 149
麥當勞 (S302 台北南京影城店),套餐-麥香鷄 McChicken Meal, 129
麥當勞 (S302 台北南京影城店),套餐-麥香魚 Filet-O-Fish Meal, 140
麥當勞 (S302 台北南京影城店),新經典三拼 Classic Platter, 141
麥當勞 (S302 台北南京影城店),原味麥脆鷄腿 McCrispy Original, 65
麥當勞 (S302 台北南京影城店),辣味麥脆鷄腿 McCrispy Spicy, 65
麥當勞 (S302 台北南京影城店),金黃地瓜條 Sweet Potato, 65
麥當勞 (S302 台北南京影城店),麥克鷄塊 (10塊) McNugget (10pc), 109
麥當勞 (S302 台北南京影城店),麥克鷄塊 (6塊) McNugget (6pc), 69
麥當勞 (S302 台北南京影城店),四塊麥克鷄塊 McNugget (4pc), 49
麥當勞 (S302 台北南京影城店),蘋果派 Apple Pie, 39
麥當勞 (S302 台北南京影城店),台灣鮮榨柳丁汁 Taiwan Fresh Orange Juice, 70
麥當勞 (S302 台北南京影城店),熱紅茶 (中) Hot Tea (M), 38
麥當勞 (S302 台北南京影城店),熱巧克力 (中) Hot Chocolate (M), 70
麥當勞 (S302 台北南京影城店),Evian 礦泉水 Evian Water, 48
麥當勞 (S302 台北南京影城店),熱蜂蜜奶茶 (中) Hot Honey Milk Tea, 65
麥當勞 (S302 台北南京影城店),冰蜂蜜奶茶 (大) Honey Iced Milk Tea, 65
麥當勞 (S302 台北南京影城店),熱阿薩姆奶茶 (中) Hot Assam Latte, 75
麥當勞 (S302 台北南京影城店),冰阿薩姆奶茶 (中) Iced Assam Latte, 75
麥當勞 (S302 台北南京影城店),熱經典那堤 (中) Hot Latte, 75
麥當勞 (S302 台北南京影城店),冰經典那堤 (中) Iced Latte, 75
麥當勞 (S302 台北南京影城店),熱經典美式咖啡 (中) Hot Americano, 65
麥當勞 (S302 台北南京影城店),冰經典美式咖啡 (中) Iced Americano, 65
麥當勞 (S302 台北南京影城店),冰蜂蜜紅茶 (大) Iced Honey Black Tea, 55
麥當勞 (S302 台北南京影城店),可口可樂 (中) Coca Cola (M), 38
麥當勞 (S302 台北南京影城店),雪碧 (中) Sprite (M), 38
麥當勞 (S302 台北南京影城店),檸檬風味紅茶 (中) Iced Tea Lemon Flavor (M), 38
麥當勞 (S302 台北南京影城店),冰無糖綠茶 (中) Iced Green Tea (M), 38
麥當勞 (S302 台北南京影城店),冰無糖紅茶 (中) Iced Black Tea no Sugar (M), 38
麥當勞 (S302 台北南京影城店),玉米湯 (大) Corn Soup (L), 55
豆麻麻雞排店,無骨鹹酥雞, 65
豆麻麻雞排店,黃金酥脆雞排, 90
豆麻麻雞排店,魷魚, 65
豆麻麻雞排店,雞蛋豆腐【半盒】, 50
豆麻麻雞排店,薯條【細】, 40
豆麻麻雞排店,薄皮香嫩雞排, 90
豆麻麻雞排店,無骨鹹酥雞, 65
豆麻麻雞排店,黃金酥脆雞排, 90
豆麻麻雞排店,薄皮香嫩雞排, 90
豆麻麻雞排店,Tempura, 30
豆麻麻雞排店,Chicken Butt, 35
豆麻麻雞排店,魷魚, 65
豆麻麻雞排店,雞蛋豆腐【半盒】, 50
豆麻麻雞排店,紐奧良無骨雞腿排, 110
豆麻麻雞排店,六塊脆皮雞腿, 299
豆麻麻雞排店,湯圓, 35
豆麻麻雞排店,Deep-Fry Flour Bun with Condensed Milk, 45
豆麻麻雞排店,甘梅地瓜條, 40
豆麻麻雞排店,Chicken Heart, 35
豆麻麻雞排店,雞皮, 45
豆麻麻雞排店,Chicken Gizzard, 35
豆麻麻雞排店,脆皮雞腿, 55
豆麻麻雞排店,炸雞翅, 45
豆麻麻雞排店,Taro Cake, 25
豆麻麻雞排店,Radish Cake, 25
豆麻麻雞排店,Dried Tofu, 25
豆麻麻雞排店,Black Cake, 30
豆麻麻雞排店,Shutter Bean Curd, 30
豆麻麻雞排店,Rice Sausage, 30
豆麻麻雞排店,Squid Ball, 35
豆麻麻雞排店,Salty Taro Cake, 35
豆麻麻雞排店,黃金豆皮, 40
豆麻麻雞排店,Hash Brown, 20
豆麻麻雞排店,Large Hot Dog, 30
豆麻麻雞排店,Mini Sausage, 30
豆麻麻雞排店,Small Hot Dog, 30
豆麻麻雞排店,Chicken Nugget, 40
豆麻麻雞排店,Potato Wedges, 40
豆麻麻雞排店,Lemon Fillet, 35
豆麻麻雞排店,玉米布丁酥, 35
豆麻麻雞排店,Cheese Stick, 50
豆麻麻雞排店,魚板, 35
豆麻麻雞排店,薯條【細】, 40
豆麻麻雞排店,洋蔥圈, 50
豆麻麻雞排店,煉乳起司銀絲卷, 55
豆麻麻雞排店,炸黃金水餃, 40
豆麻麻雞排店,爆漿起司芋球, 50
豆麻麻雞排店,Mushroom, 50
豆麻麻雞排店,Baby Corn, 50
豆麻麻雞排店,Green Beans, 50
豆麻麻雞排店,Broccoli1, 50
豆麻麻雞排店,King Oyster Mushroom, 55
豆麻麻雞排店,小黃瓜, 50
豆麻麻雞排店,瓶裝可口可樂, 30
豆麻麻雞排店,原萃無糖綠茶瓶裝, 35
豆麻麻雞排店,可口可樂ZERO罐裝, 30
秧米 (台北市府店),鹽火燒牛秧米, 180
秧米 (台北市府店),蜜汁燒牛秧米, 180
秧米 (台北市府店),慢燉厚切雞腿秧米, 160
秧米 (台北市府店),紐約客牛排秧米, 270
秧米 (台北市府店),蔥花厚切橫膈膜秧米, 260
秧米 (台北市府店),麻辣燒牛秧米, 180
秧米 (台北市府店),紐約客牛排秧米, 270
秧米 (台北市府店),鹽火燒牛秧米, 180
秧米 (台北市府店),麻辣燒牛秧米, 180
秧米 (台北市府店),蜜汁燒牛秧米, 180
秧米 (台北市府店),慢燉厚切雞腿秧米, 160
秧米 (台北市府店),蔥花厚切橫膈膜秧米, 260
秧米 (台北市府店),戀獄麻婆秧米, 150
秧米 (台北市府店),戀獄麻婆【牛】秧米, 230
秧米 (台北市府店),戀獄麻婆【豚】秧米, 230
秧米 (台北市府店),戀獄麻婆【雞胸】秧米, 190
秧米 (台北市府店),竺咖哩【牛】秧米, 250
秧米 (台北市府店),竺咖哩【豚】秧米, 250
秧米 (台北市府店),竺咖哩【雞胸】秧米, 210
秧米 (台北市府店),慢燉雞胸秧米, 160
秧米 (台北市府店),鹽火手之羽秧米, 230
秧米 (台北市府店),鹽火燒豚秧米, 180
秧米 (台北市府店),薑燒豚秧米, 180
秧米 (台北市府店),白燒鰻秧米, 550
秧米 (台北市府店),庫比牛排秧米, 330
秧米 (台北市府店),紐約客牛排, 210
秧米 (台北市府店),鹽火燒牛, 140
秧米 (台北市府店),麻辣燒牛, 140
秧米 (台北市府店),蜜汁燒牛, 140
秧米 (台北市府店),慢燉厚切雞腿, 120
秧米 (台北市府店),原味舒肥雞胸, 120
秧米 (台北市府店),特選級厚切橫膈膜, 210
秧米 (台北市府店),鹽火燒豚【單點】, 140
秧米 (台北市府店),薑燒豚【單點】, 140
秧米 (台北市府店),白燒鰻【單點】, 450
秧米 (台北市府店),庫比牛排【單點】, 280
秧米 (台北市府店),秧米飯, 30
秧米 (台北市府店),溫泉蛋【1顆】, 30
秧米 (台北市府店),水煮蛋, 30
秧米 (台北市府店),溫泉蛋【3顆】, 85
秧米 (台北市府店),溫泉蛋【7顆】, 200
秧米 (台北市府店),冰烤地瓜, 100
秧米 (台北市府店),藜麥飯【單點】, 40
秧米 (台北市府店),冰釀銀耳, 125
秧米 (台北市府店),紅豆紫米粥【冷食】, 99
秧米 (台北市府店),奶油玉米【熱食】, 99
秧米 (台北市府店),冷凍原味舒肥雞胸, 150
三媽臭臭鍋 (松山饒河店),沙茶鍋, 190
三媽臭臭鍋 (松山饒河店),鴨血鍋, 190
三媽臭臭鍋 (松山饒河店),牛奶鍋, 200
三媽臭臭鍋 (松山饒河店),鯛魚鍋, 200
三媽臭臭鍋 (松山饒河店),茄紅蕃茄鍋, 210
三媽臭臭鍋 (松山饒河店),大腸臭臭鍋, 170
三媽臭臭鍋 (松山饒河店),海鮮豆腐鍋, 170
三媽臭臭鍋 (松山饒河店),泡菜鍋, 170
三媽臭臭鍋 (松山饒河店),鴨血鍋, 190
三媽臭臭鍋 (松山饒河店),南瓜鍋, 200
三媽臭臭鍋 (松山饒河店),咖哩鍋, 200
三媽臭臭鍋 (松山饒河店),茄紅蕃茄鍋, 210
三媽臭臭鍋 (松山饒河店),蔬食鍋, 170
三媽臭臭鍋 (松山饒河店),鯛魚鍋, 200
三媽臭臭鍋 (松山饒河店),牛奶鍋, 200
三媽臭臭鍋 (松山饒河店),沙茶鍋, 190
すき家 Sukiya (松山站前店),Gyudon, 94
すき家 Sukiya (松山站前店),Green Onion Gyudon w/ Soft Boiled Egg, 129
すき家 Sukiya (松山站前店),Triple Cheese Gyudon, 124
すき家 Sukiya (松山站前店),Kimchi Gyudon, 124
すき家 Sukiya (松山站前店),Okra Gyudon, 124
すき家 Sukiya (松山站前店),Beef Curry, 149
すき家 Sukiya (松山站前店),胖胖達可樂優惠​, 40
すき家 Sukiya (松山站前店),Sukiyaki Gyudon, 144
すき家 Sukiya (松山站前店),Sukiyaki Gyudon w/ Soft Boiled Egg, 169
すき家 Sukiya (松山站前店),Triple Cheese Gyudon w/ Green Bean Combo, 204
すき家 Sukiya (松山站前店),Beef Curry  w/ Chicken Karaage Combo, 219
すき家 Sukiya (松山站前店),Grilled Pork Bowl w/ Chicken Karaage Combo, 219
すき家 Sukiya (松山站前店),Gyudon, 94
すき家 Sukiya (松山站前店),Triple Cheese Gyudon, 124
すき家 Sukiya (松山站前店),Melted Cheese Gyudon, 144
すき家 Sukiya (松山站前店),Kimchi Gyudon, 124
すき家 Sukiya (松山站前店),Okra Gyudon, 124
すき家 Sukiya (松山站前店),Green Onion Gyudon w/ Soft Boiled Egg, 129
すき家 Sukiya (松山站前店),Melted Cheese  Curry, 149
すき家 Sukiya (松山站前店),Curry Rice, 99
すき家 Sukiya (松山站前店),Beef Curry, 149
すき家 Sukiya (松山站前店),Chicken Karaage Curry , 159
すき家 Sukiya (松山站前店),Beef Curry with Cheese, 199
すき家 Sukiya (松山站前店),Beef & Yakitori Combi Bowl, 209
すき家 Sukiya (松山站前店),Beef & Pork Combi Bowl, 209
すき家 Sukiya (松山站前店),Grilled Pork Bowl, 159
すき家 Sukiya (松山站前店),Cheese Pork Bowl, 189
すき家 Sukiya (松山站前店),Soft Boiled Egg Pork Bowl w/ Mayo, 194
すき家 Sukiya (松山站前店),Flame Grilled Yakitori Bowl, 159
すき家 Sukiya (松山站前店),Soft Boiled Egg Yakitori Bowl w/ Mayo, 194
すき家 Sukiya (松山站前店),Cheese Yakitori Bowl, 189
すき家 Sukiya (松山站前店),Unagi Bowl, 229
すき家 Sukiya (松山站前店),Unagi with Beef, 279
すき家 Sukiya (松山站前店),Soft Boiled Egg Unagi Bowl, 254
すき家 Sukiya (松山站前店),Unagi Bowl, 419
すき家 Sukiya (松山站前店),Teriyaki Salmon Bowl, 229
すき家 Sukiya (松山站前店),Teriyaki Salmon with Beef Bowl, 279
すき家 Sukiya (松山站前店),Teriyaki Salmon Bowl w/ Soft Boiled Egg, 254
すき家 Sukiya (松山站前店),Plant Based Meat Bowl, 124
すき家 Sukiya (松山站前店),Kimchi Plant Based Meat Bowl, 154
すき家 Sukiya (松山站前店),Okra Plant Based Meat Bowl, 154
すき家 Sukiya (松山站前店),Kid's Gyudon, 89
すき家 Sukiya (松山站前店),Kid's Curry, 89
すき家 Sukiya (松山站前店),Miso Soup, 30
すき家 Sukiya (松山站前店),Clam Miso Soup, 70
すき家 Sukiya (松山站前店),Croquette, 40
すき家 Sukiya (松山站前店),Croquette 1plate(2pcs), 60
すき家 Sukiya (松山站前店),Croquette(5pcs), 120
すき家 Sukiya (松山站前店),Beef Plate, 80
すき家 Sukiya (松山站前店),Yakitori Plate, 130
すき家 Sukiya (松山站前店),Grilled Pork Plate, 130
すき家 Sukiya (松山站前店),Chicken Karaage(2pcs), 50
すき家 Sukiya (松山站前店),Chicken Karaage(5pcs), 90
すき家 Sukiya (松山站前店),Chicken Karaage(10pcs), 160
すき家 Sukiya (松山站前店),Grilled Mackerel, 70
すき家 Sukiya (松山站前店),Grilled Salmon, 70
すき家 Sukiya (松山站前店),Okra, 45
すき家 Sukiya (松山站前店),Kimchi, 45
すき家 Sukiya (松山站前店),Cheese, 45
すき家 Sukiya (松山站前店),Green Onion, 30
すき家 Sukiya (松山站前店),Soft Boiled Egg, 35
すき家 Sukiya (松山站前店),Green Veggies, 50
すき家 Sukiya (松山站前店),Rice, 40
すき家 Sukiya (松山站前店),Unagi(Eel)Plate, 205
すき家 Sukiya (松山站前店),Calpis, 40
すき家 Sukiya (松山站前店),100% Apple Juice, 25
すき家 Sukiya (松山站前店),100% Orange Juice, 25
韓勾a韓式烤肉便當專賣店,韓式香烤牛五花便當, 159
韓勾a韓式烤肉便當專賣店,韓式烤厚切三層肉便當, 179
韓勾a韓式烤肉便當專賣店,韓式醬烤雞腿肉便當, 189
韓勾a韓式烤肉便當專賣店,全世界唯二的蒸蛋湯, 55
韓勾a韓式烤肉便當專賣店,韓式香烤牛五花, 99
韓勾a韓式烤肉便當專賣店,韓式烤帶骨牛小排便當, 209
韓勾a韓式烤肉便當專賣店,韓式香烤牛五花便當, 159
韓勾a韓式烤肉便當專賣店,韓式烤厚切三層肉便當, 179
韓勾a韓式烤肉便當專賣店,韓式醬烤雞腿肉便當, 189
韓勾a韓式烤肉便當專賣店,韓式烤帶骨牛小排便當, 209
韓勾a韓式烤肉便當專賣店,韓式香烤牛五花, 99
韓勾a韓式烤肉便當專賣店,韓式烤厚切三層肉, 119
韓勾a韓式烤肉便當專賣店,韓式醬烤雞腿肉, 129
韓勾a韓式烤肉便當專賣店,韓式烤帶骨牛小排, 149
韓勾a韓式烤肉便當專賣店,溏心蛋, 35
韓勾a韓式烤肉便當專賣店,韓式涼拌黃豆芽, 50
韓勾a韓式烤肉便當專賣店,韓式招牌泡菜, 60
韓勾a韓式烤肉便當專賣店,韓式醃辣蘿蔔, 60
韓勾a韓式烤肉便當專賣店,韓式涼拌季節時蔬, 50
韓勾a韓式烤肉便當專賣店,白飯, 25
韓勾a韓式烤肉便當專賣店,薑絲海帶芽湯, 20
韓勾a韓式烤肉便當專賣店,全世界唯二的蒸蛋湯, 55
韓勾a韓式烤肉便當專賣店,韓國HAI TAI海太水梨汁【238ml】, 50
韓勾a韓式烤肉便當專賣店,WOONG JIN翠綠梅子汁【180ml】, 50
韓勾a韓式烤肉便當專賣店,韓國HAI TAI海太葡萄汁, 50
東引快刀手,焢肉飯, 71
東引快刀手,紅燒牛肉麵, 190
東引快刀手,紅油炒手, 86
東引快刀手,嘴邊肉(1份), 91
東引快刀手,豬頭皮(1份), 67
東引快刀手,豬耳朵(1份), 67
東引快刀手,紅燒牛肉麵, 190
東引快刀手,牛肉乾麵, 190
東引快刀手,紅燒牛肉湯, 190
東引快刀手,榨菜牛肉湯麵, 86
東引快刀手,蛋花牛肉湯麵, 90
東引快刀手,餛飩牛肉湯麵, 100
東引快刀手,牛肉湯麵, 76
東引快刀手,陽春麵, 62
東引快刀手,蛋花麵, 76
東引快刀手,餛飩麵, 86
東引快刀手,榨菜肉絲麵, 71
東引快刀手,榨菜肉絲米粉, 71
東引快刀手,榨菜肉絲冬粉, 71
東引快刀手,豬油拌飯, 38
東引快刀手,魯肉飯, 43
東引快刀手,焢肉飯, 71
東引快刀手,牛肉湯泡飯, 71
東引快刀手,紅油炒手, 86
東引快刀手,燙青菜時蔬, 52
東引快刀手,豬油麵, 62
東引快刀手,牛油麵, 62
東引快刀手,酸辣麵, 62
東引快刀手,麻醬麵, 67
東引快刀手,炸醬麵, 67
東引快刀手,雙醬麵, 71
東引快刀手,招牌乾麵, 71
東引快刀手,豆干(3個), 29
東引快刀手,花干(1份), 48
東引快刀手,滷蛋(1顆), 19
東引快刀手,海帶(1條), 17
東引快刀手,豬頭皮(1份), 67
東引快刀手,紅蘿蔔(1份), 34
東引快刀手,韓國泡菜(1份), 52
東引快刀手,豬皮(1份), 57
東引快刀手,蘿蔔(1份), 34
東引快刀手,豬耳朵(1份), 67
東引快刀手,豬大腸(1份), 114
東引快刀手,嘴邊肉(1份), 91
東引快刀手,豬腳筋(1份), 114
東引快刀手,牛肉(1份), 160
東引快刀手,滷豬腳(1份), 91
東引快刀手,牛肚(1份), 160
東引快刀手,鴨翅(1支), 34
東引快刀手,牛筋(1份), 160
東引快刀手,牛腸(1份), 160
東引快刀手,雞腸(1份), 91
東引快刀手,鴨珍(1顆), 46
東引快刀手,餛飩貢丸湯, 86
東引快刀手,蛋花貢丸湯, 67
東引快刀手,餛飩蛋花湯, 71
東引快刀手,餛飩湯, 57
東引快刀手,蛋花湯, 43
東引快刀手,貢丸湯, 52
東引快刀手,榨菜肉絲湯, 43
東引快刀手,餛飩牛肉清湯, 76
東引快刀手,蛋花牛肉清湯, 67
東引快刀手,貢丸牛肉清湯, 71
jao ho chao fan mien,蝦仁炒飯, 110
jao ho chao fan mien,牛肉炒飯, 110
jao ho chao fan mien,肉絲炒飯, 100
jao ho chao fan mien,牛肉炒麵 , 110
jao ho chao fan mien,羊肉炒飯, 110
jao ho chao fan mien,苦瓜排骨湯, 65
jao ho chao fan mien,桂花烏龍, 60
jao ho chao fan mien,阿里山烏龍, 50
jao ho chao fan mien,杏仁茶, 60
jao ho chao fan mien,茉莉綠茶, 50
jao ho chao fan mien,蝦仁炒飯, 110
jao ho chao fan mien,牛肉炒飯, 110
jao ho chao fan mien,肉絲炒飯, 100
jao ho chao fan mien,羊肉炒飯, 110
jao ho chao fan mien,高麗菜炒飯, 100
jao ho chao fan mien,蛋炒飯, 80
jao ho chao fan mien,牛肉炒麵 , 110
jao ho chao fan mien,羊肉炒麵, 110
jao ho chao fan mien,蝦仁炒麵, 110
jao ho chao fan mien,肉絲炒麵, 100
jao ho chao fan mien,牛肉燴飯, 110
jao ho chao fan mien,羊肉燴飯, 110
jao ho chao fan mien,蝦仁燴飯, 110
jao ho chao fan mien,肉絲燴飯, 100
jao ho chao fan mien,炒高麗菜, 100
jao ho chao fan mien,牛肉空心菜, 150
jao ho chao fan mien,羊肉空心菜, 150
jao ho chao fan mien,魚丸湯, 45
jao ho chao fan mien,肉羹湯, 55
jao ho chao fan mien,魷魚羹, 55
jao ho chao fan mien,無刺虱目魚肚湯, 160
jao ho chao fan mien,苦瓜排骨湯, 65
jao ho chao fan mien,貢丸湯, 45
齒牛香牛肉麵,紅燒牛肉麵, 160
齒牛香牛肉麵,半筋牛肉麵, 190
齒牛香牛肉麵,三合一牛肉麵, 190
齒牛香牛肉麵,紅油抄手, 70
齒牛香牛肉麵,牛肉湯麵, 90
齒牛香牛肉麵,醡醬麵, 88
齒牛香牛肉麵,全牛肚麵, 220
齒牛香牛肉麵,三合一牛肉麵, 190
齒牛香牛肉麵,半筋牛肉麵, 190
齒牛香牛肉麵,全牛筋麵, 220
齒牛香牛肉麵,紅燒牛肉麵, 160
齒牛香牛肉麵,牛肉湯麵, 90
齒牛香牛肉麵,醡醬麵, 88
齒牛香牛肉麵,餛飩麵, 88
齒牛香牛肉麵,陽春麵, 78
齒牛香牛肉麵,麻辣麵, 80
齒牛香牛肉麵,搗蛋麵, 100
齒牛香牛肉麵,榨菜肉絲麵, 88
齒牛香牛肉麵,乾拌麵, 78
齒牛香牛肉麵,雙醬麵, 98
齒牛香牛肉麵,麻醬麵, 80
齒牛香牛肉麵,三合一牛肉湯, 160
齒牛香牛肉麵,半筋半肉湯, 160
齒牛香牛肉麵,牛肉湯, 130
齒牛香牛肉麵,餛飩牛肉湯, 80
齒牛香牛肉麵,花干牛肉湯, 70
齒牛香牛肉麵,餛飩湯, 60
齒牛香牛肉麵,貢丸湯, 40
齒牛香牛肉麵,魚丸湯, 40
齒牛香牛肉麵,紅油抄手, 70
齒牛香牛肉麵,牛肉, 90
齒牛香牛肉麵,牛筋, 90
齒牛香牛肉麵,牛肚, 90
齒牛香牛肉麵,粉腸, 80
齒牛香牛肉麵,大腸, 80
齒牛香牛肉麵,肝連, 80
齒牛香牛肉麵,皮蛋豆腐, 47
齒牛香牛肉麵,豆干海帶, 47
齒牛香牛肉麵,燙青菜, 47
齒牛香牛肉麵,豆干, 47
齒牛香牛肉麵,海帶, 47
齒牛香牛肉麵,花干 , 47
齒牛香牛肉麵,豬頭皮, 47
齒牛香牛肉麵,甜不辣, 47
齒牛香牛肉麵,素雞, 47
齒牛香牛肉麵,涼拌小黃瓜, 47
齒牛香牛肉麵,滷蛋, 15
齒牛香牛肉麵,台式泡菜, 47
